date,initial_plan_kwh,executed_grid_kwh,emergency_kwh,total_grid_kwh,plan_cost,adjustment_cost,emergency_cost,total_cost,charge_kwh,discharge_kwh,battery_throughput_kwh,up_adjust_kwh,down_adjust_kwh,emergency_day,price_mean,price_min,price_max,price_range,price_std
2025-02-01,93429.28859569615,90170.67618579663,0.0,90170.67618579663,59395.01843862276,-976.3704130617748,0.0,58418.648025560986,24474.49093599108,19824.337658152777,44298.82859414386,359.2521414722224,3617.864551371739,0,0.7661972222222223,0.3713,1.3952,1.0239,0.3132920983382326
2025-02-02,93013.98304266117,90604.95297030365,13.789651388888956,90618.74262169254,58750.41665189426,-797.8143122859091,85.85586733194467,58038.45820694029,24727.391308762002,20029.18696009722,44756.57826885922,9.655611111111057,2418.6856834686228,1,0.7661972222222223,0.3713,1.3952,1.0239,0.3132920983382326
2025-02-03,95562.53238888888,90804.17765593278,145.0575666666666,90949.23522259945,60470.27568131819,-1700.816263378062,662.6321263166667,59432.0915442568,24528.80961591221,19868.335788888886,44397.14540480109,0.0,4758.3547329561015,1,0.7661972222222223,0.3713,1.3952,1.0239,0.3132920983382326
2025-02-04,97679.91239583332,93284.39318235597,74.05790972222232,93358.45109207819,62395.5796822361,-1652.8651329799334,245.02853587638936,60987.743085132555,25064.090159465017,20301.913029166666,45366.00318863169,0.0,4395.519213477368,1,0.7661972222222223,0.3713,1.3952,1.0239,0.3132920983382326
2025-02-05,92742.84375982509,91928.62392637173,24.201163888889084,91952.82509026062,58761.72436063056,-229.93125336875715,112.13879798472357,58643.93190524652,24452.991406035664,19806.92303888889,44259.91444492455,102.71259444444465,916.9324278978045,1,0.7661972222222223,0.3713,1.3952,1.0239,0.3132920983382326
2025-02-06,98267.08830138888,91719.06337222221,19.80902916666662,91738.87240138887,62633.72605929402,-2471.3541309914563,105.75077096249994,60268.12269926506,24833.333333333332,20115.0,44948.33333333333,0.0,6548.024929166662,1,0.7661972222222223,0.3713,1.3952,1.0239,0.3132920983382326
2025-02-07,94385.3950288923,89899.31591114539,0.0,89899.31591114539,59972.692875450666,-1575.9451794603021,0.0,58396.747695990365,24189.64790294924,19593.61480138889,43783.26270433813,70.39387500000046,4556.472992746914,0,0.7661972222222223,0.3713,1.3952,1.0239,0.3132920983382326
2025-02-08,86001.55528223576,87069.76657932648,0.0,87069.76657932648,53672.87581746682,1186.704137272469,0.0,54859.57995473929,24529.604050548696,19868.979280944444,44398.58333149314,1081.4135109795973,13.202213888888991,0,0.7661972222222223,0.3713,1.3952,1.0239,0.3132920983382326
2025-02-09,93405.08508194443,92365.72532232903,11.187437499999874,92376.91275982904,59036.70783862444,-382.8163095314525,54.49400806249938,58708.38553715549,24363.933874982846,19734.78643873611,44098.72031371896,4.126791430555613,1043.4865510459567,1,0.7661972222222223,0.3713,1.3952,1.0239,0.3132920983382326
2025-02-10,88767.52914999999,84481.78809814455,155.9196027777777,84637.70770092233,55678.15593494472,-151.55009239202604,526.8229431951386,56053.428785747834,24045.85935426955,19477.146076958332,43523.00543122788,1921.0984139917714,6206.8394658472225,1,0.7661972222222223,0.3713,1.3952,1.0239,0.3132920983382326
2025-02-11,89682.09669125514,85502.49807938957,24.52791388888908,85527.02599327845,56695.34691189259,-1629.1945120417913,74.868913521529,55141.02131337234,23927.58878772291,19381.346918055555,43308.935705778465,0.0,4179.598611865565,1,0.7661972222222223,0.3713,1.3952,1.0239,0.3132920983382326
2025-02-12,89814.88468055555,85307.13506980453,28.202454458334614,85335.33752426287,56505.9492984968,-1577.727178268744,153.11888935821463,55081.34100958627,23796.05298230453,19274.802915666663,43070.855897971196,0.0,4507.749610751025,1,0.7661972222222223,0.3713,1.3952,1.0239,0.3132920983382326
2025-02-13,84346.8667236111,81547.80963755914,58.11487361111134,81605.92451117025,52353.97471950027,-695.2052013931755,289.25946407291815,51948.02898218001,23299.017843878595,18872.204453541664,42171.22229742026,325.1861924897073,3124.243278541662,1,0.7661972222222223,0.3713,1.3952,1.0239,0.3132920983382326
2025-02-14,86884.20855190328,85753.76184198611,0.0,85753.76184198611,54108.225898860124,86.18597383588636,0.0,54194.41187269601,23088.55084722222,18701.72618625,41790.27703347222,586.2433828189346,1716.6900927361107,0,0.7661972222222223,0.3713,1.3952,1.0239,0.3132920983382326
2025-02-15,88290.5040494513,83777.32752250598,0.0,83777.32752250598,54966.396657073456,-1481.737944291203,0.0,53484.65871278225,23462.19740368655,19004.379896986105,42466.57730067265,37.62457576388988,4550.801102709196,0,0.7661972222222223,0.3713,1.3952,1.0239,0.3132920983382326
2025-02-16,89877.46801388887,83784.58734904166,268.18470555555484,84052.77205459721,56350.59278370708,-2153.6483130553056,1012.2823372569414,55209.226807908715,23063.174623611114,18681.171445125,41744.346068736115,0.0,6092.880664847217,1,0.7661972222222223,0.3713,1.3952,1.0239,0.3132920983382326
2025-02-17,88958.54734994855,81115.43587779491,139.80606388888833,81255.2419416838,55275.42614698615,-2485.867063321464,611.0675731263866,53400.62665679107,22475.023998628254,18204.76943888889,40679.793437517146,92.44295138888856,7935.554423542526,1,0.7661972222222223,0.3713,1.3952,1.0239,0.3132920983382326
2025-02-18,80233.65361973594,81480.23513553172,294.5529736111102,81774.78810914283,49758.786033814285,990.6080832218369,1294.3861127861069,52043.78022982223,23453.264414591897,18997.144175819438,42450.40859041133,1246.5815157957798,0.0,1,0.7661972222222223,0.3713,1.3952,1.0239,0.3132920983382326
2025-02-19,80714.37768411916,81010.8734148462,326.18348194444565,81337.05689679064,50128.41726120714,412.729895305971,1303.6002305062557,51844.74738701937,23310.37323924897,18881.402323791663,42191.77556304063,457.65111822702477,161.1553874999995,1,0.7661972222222223,0.3713,1.3952,1.0239,0.3132920983382326
2025-02-20,83279.41539027778,81076.06427087808,240.7872722222242,81316.8515431003,51333.96486079221,59.876915624612934,1184.8409703361253,52578.68274675295,22663.59739058642,18357.513886375003,41021.11127696143,852.6149888888895,3055.96610828858,1,0.7661972222222223,0.3713,1.3952,1.0239,0.3132920983382326
2025-02-21,81369.59173940329,81414.27522693758,0.0,81414.27522693758,50313.39229082767,900.5163720196189,0.0,51213.908662847294,22773.436925548696,18446.48390969445,41219.920835243145,1157.3224912355975,1112.6390037013052,0,0.7661972222222223,0.3713,1.3952,1.0239,0.3132920983382326
2025-02-22,82807.39319058642,82066.74628057887,0.0,82066.74628057887,51237.133080496904,13.033869563940357,0.0,51250.16695006085,23240.47714924554,18824.786490888888,42065.26364013443,395.47145633333196,1136.1183663408747,0,0.7661972222222223,0.3713,1.3952,1.0239,0.3132920983382326
2025-02-23,81437.41613174707,79489.17841264558,492.12760555555553,79981.30601820112,50182.815213086986,-638.5044822156254,1717.6934188715272,51262.00414974288,23457.37003053841,19000.46972473611,42457.83975527452,107.56243888888835,2055.8001579903926,1,0.7661972222222223,0.3713,1.3952,1.0239,0.3132920983382326
2025-02-24,77723.81582933813,78754.51544948558,230.2336250000003,78984.74907448557,48302.9413039102,880.2881453889092,1183.8444806708344,50367.07392996994,22857.56085365226,18514.624291458334,41372.18514511059,1502.6270312585693,471.9274111111106,1,0.7661972222222223,0.3713,1.3952,1.0239,0.3132920983382326
2025-02-25,80392.9759449861,75375.99432108333,213.7383486111122,75589.73266969444,49488.6424565491,-1512.3485274846091,919.828449479867,48896.12237854436,22296.378961111106,18060.0669585,40356.445919611106,251.57500480624458,5268.556628709017,1,0.7661972222222223,0.3713,1.3952,1.0239,0.3132920983382326
2025-02-26,73882.11549657065,76139.3340252915,442.3785041666656,76581.71252945816,45027.442761471946,2116.8532772014714,1839.3649627236068,48983.66100139703,22925.335044735944,18569.521386236112,41494.85643097205,2257.2185287208504,0.0,1,0.7661972222222223,0.3713,1.3952,1.0239,0.3132920983382326
2025-02-27,75308.9164026406,75207.2567792181,338.8922638888878,75546.149043107,46137.80373944654,411.0449674814872,1633.9793631208286,48182.82807004886,23151.820084773666,18752.974268666665,41904.79435344033,547.4207251886193,649.0803486111109,1,0.7661972222222223,0.3713,1.3952,1.0239,0.3132920983382326
2025-02-28,75524.92967674896,76806.91898129287,0.0,76806.91898129287,46057.357868489285,1305.1229980804446,0.0,47362.48086656973,23110.67811093964,18719.64926986112,41830.32738080076,1428.6934850994508,146.7041805555558,0,0.7661972222222223,0.3713,1.3952,1.0239,0.3132920983382326
2025-03-01,85843.77428271604,79061.60548425221,0.0,79061.60548425221,53538.95427258208,-1913.2203215446684,0.0,51625.73395103741,23400.934748988337,18954.757146680557,42355.69189566889,655.5921782407385,7437.76097670456,0,0.7661972222222223,0.3713,1.3952,1.0239,0.3132920983382326
2025-03-02,83044.5713120377,83777.46625668724,265.4243902777762,84042.89064696502,51336.141206940505,1168.4643799596463,1354.3381044604066,53858.94369136056,24778.834845679008,20070.856225000003,44849.69107067901,1070.7000988161951,337.80515416666617,1,0.7661972222222223,0.3713,1.3952,1.0239,0.3132920983382326
2025-03-03,84771.50518931754,81417.0572545439,409.8113388888878,81826.8685934328,52357.21259632244,-146.66462339398777,1940.476071795133,54151.024044723585,23485.15741426612,19022.97750555555,42508.13491982167,1003.9465516803895,4358.394486454049,1,0.7661972222222223,0.3713,1.3952,1.0239,0.3132920983382326
2025-03-04,75940.61318621399,77788.35926380589,705.4339902777785,78493.79325408366,46683.85452413651,1808.2905300733687,2450.3924621250026,50942.53751633488,22948.587163305892,18588.355602277778,41536.94276558367,1847.7460775919067,0.0,1,0.7661972222222223,0.3713,1.3952,1.0239,0.3132920983382326
2025-03-05,79791.13168575102,76426.92259943415,251.2034255833373,76678.1260250175,49019.97667418915,-1027.0801102075106,1100.1593312923178,49093.05589527395,23064.455709156377,18682.209124416662,41746.66483357304,98.76374722222067,3462.9728335390964,1,0.7661972222222223,0.3713,1.3952,1.0239,0.3132920983382326
2025-03-06,75133.27603170439,75521.07369859397,251.51623362500118,75772.58993221898,45793.33100176396,596.1227377285951,1080.5549343943326,47470.00867388689,23432.865944427296,18980.62141498611,42413.48735941341,660.7190196673542,272.9213527777771,1,0.7661972222222223,0.3713,1.3952,1.0239,0.3132920983382326
2025-03-07,80780.17255865209,76809.35650978377,0.0,76809.35650978377,49925.33451632256,-1392.7287391460331,0.0,48532.605777176526,23715.72029535322,19209.73343923612,42925.45373458934,0.0,3970.8160488683116,0,0.7661972222222223,0.3713,1.3952,1.0239,0.3132920983382326
2025-03-08,74584.90752095832,74698.32740051439,0.0,74698.32740051439,45277.808822833715,801.0914096767335,0.0,46078.900232510445,22982.74851718107,18616.026298916666,41598.774816097735,1022.7384970800808,909.318617524008,0,0.7661972222222223,0.3713,1.3952,1.0239,0.3132920983382326
2025-03-09,78726.83741445473,73149.59969677126,328.6005124999997,73478.20020927125,47915.24272755087,-779.3980866619029,1526.2296972472213,48662.07433813618,23195.312544410146,18788.203160972218,41983.515705382364,1212.1531003377977,6789.390818021264,1,0.7661972222222223,0.3713,1.3952,1.0239,0.3132920983382326
2025-03-10,75556.90248144718,76610.30791218055,450.75297083333373,77061.06088301388,45694.439071622764,1231.2661302056777,1664.753623445834,48590.458825274276,23286.418272222218,18861.998800499998,42148.417072722215,1097.4987349000323,44.09330416666694,1,0.7661972222222223,0.3713,1.3952,1.0239,0.3132920983382326
2025-03-11,67445.78799300411,73519.00938355058,312.4431541666662,73831.45253771725,41154.20600928577,6228.404038366063,1294.950561279165,48677.560608930995,21978.995702897806,17802.98651934722,39781.98222224503,7527.266376148658,1454.044985602191,1,0.7661972222222223,0.3713,1.3952,1.0239,0.3132920983382326
2025-03-12,77094.27813489368,71847.2854365415,271.5042375000006,72118.7896740415,47072.643559517805,-883.4451328040195,1000.1222078493095,47189.3206345631,22031.653379458163,17845.639237361112,39877.29261681928,1055.8286960236699,6302.821394375855,1,0.7661972222222223,0.3713,1.3952,1.0239,0.3132920983382326
2025-03-13,77235.24039634773,77889.24265655008,352.0168375000005,78241.25949405009,46932.613143723946,904.3823238468352,1530.5562928062513,49367.55176037703,22603.255714283263,18308.63712856944,40911.8928428527,886.8265379801123,232.82427777777843,1,0.7661972222222223,0.3713,1.3952,1.0239,0.3132920983382326
2025-03-14,69945.92924377572,70410.78955646999,0.0,70410.78955646999,42582.074433641945,974.8647206259016,0.0,43556.93915426785,22350.784317678328,18104.135297319448,40454.91961499778,1062.074714180386,597.2144014861183,0,0.7661972222222223,0.3713,1.3952,1.0239,0.3132920983382326
2025-03-15,76322.13890694444,77219.68460559774,9.053333333333399,77228.73793893107,46223.971102382086,2787.334589659042,19.356026666666803,49030.66171870779,22812.059978292178,18477.768582416662,41289.82856070884,3319.4645095072015,2421.9188108539083,1,0.7661972222222223,0.3713,1.3952,1.0239,0.3132920983382326
2025-03-16,73848.90551299724,73492.83256680556,207.9710791666658,73700.80364597224,45111.90710272442,369.36352386836893,881.1149323326356,46362.38555892543,22758.550243055553,18434.425696875,41192.975939930555,1278.242011111116,1634.3149573028127,1,0.7661972222222223,0.3713,1.3952,1.0239,0.3132920983382326
2025-03-17,69483.16628336042,66016.53532686179,469.84203194444495,66486.37735880623,41452.52690656767,-136.76980855690385,2016.058892314586,43331.81599032535,21475.065176611795,17394.802793055555,38869.86796966735,916.5636425411435,4383.194599039777,1,0.7661972222222223,0.3713,1.3952,1.0239,0.3132920983382326
2025-03-18,77960.13295833333,72260.13360757852,127.97163888888917,72388.10524646741,47794.13632616624,-1688.768522529626,421.54472833194563,46526.91253196856,22178.558460939646,17964.63235336111,40143.19081430076,255.6599997222221,5955.659350477021,1,0.7661972222222223,0.3713,1.3952,1.0239,0.3132920983382326
2025-03-19,65028.111678772286,68778.677885631,571.6218124999982,69350.299698131,39569.21747725693,3770.280335002299,1515.1911478930483,44854.68896015228,22161.308177297666,17950.659623611107,40111.96780090877,4206.261252143349,455.69504528463654,1,0.7661972222222223,0.3713,1.3952,1.0239,0.3132920983382326
2025-03-20,73413.45432347392,68090.06683018673,1217.3716527777792,69307.4384829645,44712.58691134697,-1279.9466358142308,4610.473000330562,48043.113275863296,21656.486160339504,17541.753789875,39198.239950214505,940.4327088904381,6263.820202177637,1,0.7661972222222223,0.3713,1.3952,1.0239,0.3132920983382326
2025-03-21,71224.7246241706,65080.03849881686,0.0,65080.03849881686,42813.49560244485,-1482.3655160098867,0.0,41331.13008643496,21545.21465020576,17451.623866666665,38996.83851687242,464.3863732916676,6609.072498645404,0,0.7661972222222223,0.3713,1.3952,1.0239,0.3132920983382326
2025-03-22,73697.9483563443,70476.24716786694,9.078333333333376,70485.32550120028,45017.12890273389,-794.1677040137563,19.409476666666755,44242.3706753868,22896.588517866938,18546.236699472218,41442.82521733915,421.70770589848746,3643.4088943758525,1,0.7661972222222223,0.3713,1.3952,1.0239,0.3132920983382326
2025-03-23,74106.61468137859,69894.12807806926,265.8030069444451,70159.93108501371,45109.31601797122,-1512.2423338701376,1206.0186953666712,44803.09237946775,22045.96853223593,17857.23451111111,39903.203043347035,0.0,4212.486603309329,1,0.7661972222222223,0.3713,1.3952,1.0239,0.3132920983382326
2025-03-24,69821.60133141288,67694.78557297942,289.35278055555546,67984.13835353497,42025.367988600156,-95.42542122383125,803.7578256180557,42733.70039299438,22041.925457201643,17853.95962033333,39895.88507753497,577.3558835761343,2704.171642009602,1,0.7661972222222223,0.3713,1.3952,1.0239,0.3132920983382326
2025-03-25,77048.39567949245,68376.36173199589,544.3677637638895,68920.72949575978,46948.23656421999,-2692.2170567520775,2156.878942669559,46412.898450137465,21724.49961949588,17596.844691791666,39321.34431128755,172.95469166666504,8844.988639163239,1,0.7661972222222223,0.3713,1.3952,1.0239,0.3132920983382326
2025-03-26,67170.62047189643,64600.350167986966,282.4780458333328,64882.8282138203,40612.20439221275,-564.771339829079,991.4273440708301,41038.8603964545,21526.78886659808,17436.698981944442,38963.48784854252,335.42696666666603,2905.69727057613,1,0.7661972222222223,0.3713,1.3952,1.0239,0.3132920983382326
2025-03-27,70422.60704269547,66254.37323846022,616.8126388888886,66871.18587734911,42686.15192227504,-854.1583502450934,2277.9884340374983,44109.98200606745,21599.006423182444,17495.195202777777,39094.201625960224,656.5187777777792,4824.752582013025,1,0.7661972222222223,0.3713,1.3952,1.0239,0.3132920983382326
2025-03-28,68377.01879999999,65183.840891820975,0.0,65183.840891820975,41568.56711670125,-739.9007043446549,0.0,40828.66641235659,21499.222783676265,17414.370454777778,38913.59323845404,516.9822654320978,3710.160173611115,0,0.7661972222222223,0.3713,1.3952,1.0239,0.3132920983382326
2025-03-29,62918.48269305554,62110.40954431944,0.0,62110.40954431944,37884.15785276639,305.46594985478566,0.0,38189.62380262117,21370.244706944442,17309.898212624998,38680.142919569436,668.9791457083361,1477.052294444446,0,0.7661972222222223,0.3713,1.3952,1.0239,0.3132920983382326
2025-03-30,68736.60165999657,61870.959181447186,897.6304416666665,62768.589623113854,41069.81557712857,-1994.2926690196978,3676.1332933486124,42751.65620145748,21399.66417866941,17333.727984722223,38733.39216339163,0.0,6865.642478549378,1,0.7661972222222223,0.3713,1.3952,1.0239,0.3132920983382326
2025-03-31,60338.92374489026,64017.37060025719,488.63285416666747,64506.00345442386,36259.9969352702,5018.0347189688755,1758.732825225002,43036.76447946408,21562.4508127572,17465.58515833333,39028.03597109053,6689.066582733204,3010.619727366261,1,0.7661972222222223,0.3713,1.3952,1.0239,0.3132920983382326
2025-04-01,72743.26750594992,68838.19138015431,498.9516249999999,69337.14300515431,43155.53767072038,-858.0985558324453,1758.9291405500012,44056.36825543794,21097.595902297668,17089.05268086111,38186.64858315878,371.17693833333493,4276.253064128945,1,0.7661972222222223,0.3713,1.3952,1.0239,0.3132920983382326
2025-04-02,69635.84076805555,69251.27231959876,575.0482555555554,69826.32057515431,41622.897211218326,832.1401193632073,2341.2923240569444,44796.32965463847,21379.533616820987,17317.422229625,38696.955846445984,1157.0063593449963,1541.574807801785,1,0.7661972222222223,0.3713,1.3952,1.0239,0.3132920983382326
2025-04-03,70491.49285644719,65303.9578103395,397.4479563786022,65701.4057667181,42856.68546439257,-1772.5209936264012,1358.0011845431159,42442.16565530928,21930.01991769547,17763.316133333334,39693.336051028804,0.0,5187.535046107686,1,0.7661972222222223,0.3713,1.3952,1.0239,0.3132920983382326
2025-04-04,62042.7369625,59828.13638523611,0.0,59828.13638523611,37139.30921500861,-667.9676078148601,0.0,36471.341607193746,21340.96541111111,17286.181983000002,38627.14739411111,35.01717412499879,2249.6177513888897,0,0.7661972222222223,0.3713,1.3952,1.0239,0.3132920983382326
2025-04-05,62188.41999722221,62424.75211219135,0.0,62424.75211219135,36797.67218818888,687.8724359328489,0.0,37485.54462412173,20808.286128686555,16854.711764236108,37662.99789292266,724.4768094135819,488.1446944444444,0,0.7661972222222223,0.3713,1.3952,1.0239,0.3132920983382326
2025-04-06,66123.87401843278,63162.48959075789,348.5436916666663,63511.033282424556,38889.40105871911,-57.32654073868298,1454.4729324097202,40286.54745039014,21586.782933813443,17485.294176388885,39072.07711020233,650.0204680555594,3611.4048957304562,1,0.7661972222222223,0.3713,1.3952,1.0239,0.3132920983382326
2025-04-07,59158.94066527777,60562.36912944101,514.8609791666673,61077.23010860768,34894.89435607916,2179.2213862095937,1844.2388876076423,38918.3546298964,20352.854182390256,16485.811887736112,36838.66607012637,2012.408193827161,608.9797296639258,1,0.7661972222222223,0.3713,1.3952,1.0239,0.3132920983382326
2025-04-08,67606.08887062757,62896.77307978395,466.6846013888909,63363.45768117284,40552.130630269625,-1294.4598664362472,2005.260733347931,41262.93149718131,21358.427561728397,17300.326324999998,38658.753886728395,152.98921111111076,4862.30500195473,1,0.7661972222222223,0.3713,1.3952,1.0239,0.3132920983382326
2025-04-09,66265.9621968107,66567.88734982852,483.8252638888887,67051.71261371742,39443.85029747786,505.9347244781243,1896.0338578958338,41845.81887985182,21810.10556927297,17666.185511111107,39476.29108038408,1140.9004858539106,838.9753328360767,1,0.7661972222222223,0.3713,1.3952,1.0239,0.3132920983382326
2025-04-10,65038.09262872084,62350.170706395744,824.5271026527765,63174.69780904852,39224.68303155548,-835.6234518907985,3618.926205721361,42007.98578538605,20467.058834173527,16578.317655680556,37045.37648985408,260.7266274862842,2948.6485498113843,1,0.7661972222222223,0.3713,1.3952,1.0239,0.3132920983382326
2025-04-11,53960.15668957475,55882.337511566526,0.0,55882.337511566526,32244.417330992168,1866.6165026575156,0.0,34111.033833649686,20771.84477578875,16825.19426838889,37597.03904417764,1973.665298277778,51.48447628600661,0,0.7661972222222223,0.3713,1.3952,1.0239,0.3132920983382326
2025-04-12,68624.42385119444,62952.93339002057,0.0,62952.93339002057,40788.239735872616,-1804.0828369997805,0.0,38984.15689887283,20784.770742798355,16835.664301666664,37620.43504446502,0.0,5671.490461173869,0,0.7661972222222223,0.3713,1.3952,1.0239,0.3132920983382326
2025-04-13,61545.11532222222,61284.73875712397,593.0091888888891,61877.74794601285,36310.74577977847,228.30342990227138,2377.159805606945,38916.20901528768,21124.755600360077,17111.052036291665,38235.80763665174,356.4678150972227,616.8443801954767,1,0.7661972222222223,0.3713,1.3952,1.0239,0.3132920983382326
2025-04-14,64705.521376183126,58381.03179211248,1030.294813888887,59411.32660600137,38824.39750460308,-2220.070554415721,3811.4627953847153,40415.789745572074,21086.70574350137,17080.231652236107,38166.93739573748,0.0,6324.489584070647,1,0.7661972222222223,0.3713,1.3952,1.0239,0.3132920983382326
2025-04-15,56743.35386025377,57794.012984482164,510.14184861111073,58304.15483309328,33388.057934137105,1924.6793869134956,2522.880190699998,37835.61751175059,19970.052956104253,16175.742894444444,36145.7958505487,1927.7554940672194,877.0963698388236,1,0.7661972222222223,0.3713,1.3952,1.0239,0.3132920983382326
2025-04-16,63175.22998683128,62960.067620130314,452.64435833333346,63412.711978463645,36810.893830620866,1509.4632314593143,1705.0745978833343,40025.43165996351,20571.330472908092,16662.777683055556,37234.10815596365,1690.5115721707818,1905.6739388717474,1,0.7661972222222223,0.3713,1.3952,1.0239,0.3132920983382326
2025-04-17,57574.03766159122,60056.63974586762,365.98086666666717,60422.62061253429,34654.40027999258,2215.237446306773,1541.5830241263925,38411.220750425746,20844.935636145397,16884.397865277777,37729.33350142317,3664.871071690663,1182.2689874142648,1,0.7661972222222223,0.3713,1.3952,1.0239,0.3132920983382326
2025-04-18,58610.451108161855,58984.44307792575,0.0,58984.44307792575,34558.62348775934,396.6534196288126,0.0,34955.27690738815,20594.593050377232,16681.620370805555,37276.21342118279,373.9919697638908,0.0,0,0.7661972222222223,0.3713,1.3952,1.0239,0.3132920983382326
2025-04-19,62579.16936666666,61627.83544444444,0.0,61627.83544444444,36493.915475393194,1328.6727893110415,0.0,37822.58826470424,21333.333333333332,17280.0,38613.33333333333,1733.5727444444447,2684.906666666666,0,0.7661972222222223,0.3713,1.3952,1.0239,0.3132920983382326
2025-04-20,58332.29027520575,59002.22502221963,565.0013569444452,59567.22637916407,34620.41875269064,813.6166025682026,1955.7075949277805,37389.74295018662,20269.197939214675,16418.050330763886,36687.24826997856,692.4151692361123,22.48042222222267,1,0.7661972222222223,0.3713,1.3952,1.0239,0.3132920983382326
2025-04-21,61243.55799903978,54814.25627670833,984.9431513888892,55799.19942809722,36253.68370694095,-1646.2705948439634,3515.9233634875013,38123.33647558449,18946.974968741422,15347.049724680553,34294.024693421976,233.3725017083335,6662.674224039783,1,0.7661972222222223,0.3713,1.3952,1.0239,0.3132920983382326
2025-04-22,54910.379863888884,58332.87278103566,681.9701666666696,59014.842947702324,32472.777613439717,3158.9132207423118,2675.867272973629,38307.55810715566,19815.886224091217,16050.867841513886,35866.7540656051,3776.929817746917,354.43690060013864,1,0.7661972222222223,0.3713,1.3952,1.0239,0.3132920983382326
2025-04-23,53910.865749519886,57725.681397685184,821.5204208333334,58547.201818518515,31922.357805766085,3092.7591259103733,2711.5494898402794,37726.66642151674,20281.2935212963,16427.847752249996,36709.141273546295,3814.8156481652977,0.0,1,0.7661972222222223,0.3713,1.3952,1.0239,0.3132920983382326
2025-04-24,56075.27262918055,55546.56726668056,654.5315555555553,56201.09882223612,33137.836616325425,764.0777673317384,2388.354525297916,36290.26890895508,19659.225826457474,15923.972919430551,35583.198745888025,1059.8013041666684,1588.5066666666662,1,0.7661972222222223,0.3713,1.3952,1.0239,0.3132920983382326
2025-04-25,54714.76270233196,54333.04403566529,0.0,54333.04403566529,32995.14751898478,-188.93656264520806,0.0,32806.21095633957,19945.22670610425,16155.633631944444,36100.8603380487,0.0,381.71866666666597,0,0.7661972222222223,0.3713,1.3952,1.0239,0.3132920983382326
2025-04-26,54604.99958220165,54429.56189986334,0.0,54429.56189986334,32755.536883653873,632.5481280984195,0.0,33388.08501175229,19375.278846656372,15693.97586579166,35069.25471244803,809.8945118317913,985.332194170096,0,0.7661972222222223,0.3713,1.3952,1.0239,0.3132920983382326
2025-04-27,55062.24398189299,56590.611981172835,792.2172138888891,57382.82919506173,32756.051712804365,1335.8555116714087,3093.5811347527806,37185.48835922855,20523.826728395063,16624.29965,37148.12637839506,1730.972111779835,202.60411249999981,1,0.7661972222222223,0.3713,1.3952,1.0239,0.3132920983382326
2025-04-28,65820.82891141975,64285.15031524348,444.98312327777467,64730.133438521254,38573.21529012594,-398.42774559875954,1724.348804660903,39899.136349188084,20592.969333401925,16680.30516005556,37273.27449345749,155.32600972222053,1691.0046058984926,1,0.7661972222222223,0.3713,1.3952,1.0239,0.3132920983382326
2025-04-29,57162.87302366255,55939.504386231136,264.19264861111117,56203.69703484225,33747.06000927683,440.3299663005344,1256.5634660090277,35443.95344158639,19188.013293895747,15542.290768055555,34730.304061951305,676.4168555555541,1899.7854929869677,1,0.7661972222222223,0.3713,1.3952,1.0239,0.3132920983382326
2025-04-30,54337.98941570645,53252.12351428326,1603.0208625,54855.14437678326,32568.227005210487,-451.4962217074698,5723.9893484902805,37840.7201319933,18651.530535116595,15107.739733444443,33759.27026856104,0.0,1085.8659014231864,1,0.7661972222222223,0.3713,1.3952,1.0239,0.3132920983382326
2025-05-01,57168.08622148491,56418.62144166666,2907.30777638889,59325.92921805555,34091.775846399396,-93.43273747685458,13355.950402903476,47354.29351182602,21426.311520919062,17355.312331944446,38781.62385286351,224.29297361110736,973.7577534293565,1,0.7661972222222223,0.3713,1.3952,1.0239,0.3132920983382326
2025-05-02,67725.72750735597,66493.97622961248,0.0,66493.97622961248,40011.91481553619,-383.4565492071506,0.0,39628.45826632904,21427.241464334707,17356.065586111108,38783.307050445816,4.07770277777729,1235.828980521262,0,0.7661972222222223,0.3713,1.3952,1.0239,0.3132920983382326
2025-05-03,63938.99743607681,61074.77012976543,18.39166666666665,61093.1617964321,37703.201040286425,-810.2186498105001,39.3213833333333,36932.30377380926,20286.779177280518,16432.291133597217,36719.07031087774,3.9138296111134423,2868.1411359224994,1,0.7661972222222223,0.3713,1.3952,1.0239,0.3132920983382326
2025-05-04,60949.74251558641,54509.81984166666,3605.1601430555575,58114.97998472222,35913.771924014254,-1761.971370248102,15080.30123920834,49232.10179297449,17592.00804067215,14249.526512944441,31841.53455361659,0.0,6439.922673919753,1,0.7661972222222223,0.3713,1.3952,1.0239,0.3132920983382326
2025-05-05,61903.140418055555,59355.27127538425,2759.747615277779,62115.01889066203,37144.11023286791,-1051.3820322385118,12624.62693561528,48717.355136244674,20589.049702314813,16677.130258874997,37266.17996118981,63.50339112499864,2611.372533796297,1,0.7661972222222223,0.3713,1.3952,1.0239,0.3132920983382326
2025-05-06,54281.05694718793,55958.862655615216,3117.1206666666667,59075.983322281885,32342.2022478391,1555.2938756912401,13737.603142759725,47635.09926629007,20590.62235411522,16678.40410683333,37269.02646094855,2357.1783548950593,679.3726464677691,1,0.7661972222222223,0.3713,1.3952,1.0239,0.3132920983382326
2025-05-07,57846.83926531207,59252.0077967764,2292.775619555557,61544.78341633196,34805.900774781476,969.7832298068323,10696.79473842248,46472.47874301079,20820.358482373118,16864.490370722222,37684.84885309534,1405.1685314643385,0.0,1,0.7661972222222223,0.3713,1.3952,1.0239,0.3132920983382326
2025-05-08,64362.44505832561,61173.149699108355,2396.0299527777775,63569.17965188613,37250.59326307691,-561.9980654746181,11852.610424956245,48541.20562255854,19631.17957133059,15901.25545277778,35532.435024108374,321.29460258916595,3510.5899618064154,1,0.7661972222222223,0.3713,1.3952,1.0239,0.3132920983382326
2025-05-09,67542.22879528464,60493.898906944436,0.0,60493.898906944436,39560.34590978577,-1839.5181100036525,0.0,37720.82779978212,21361.486779835384,17302.804291666667,38664.291071502055,109.00800555555534,7157.337893895745,0,0.7661972222222223,0.3713,1.3952,1.0239,0.3132920983382326
2025-05-10,65730.25748077023,64361.32957807837,0.0,64361.32957807837,38493.8573407315,795.2335851606038,0.0,39289.0909258921,21353.68722095336,17296.48664897222,38650.17386992558,1226.3001861111127,2595.228088802979,0,0.7661972222222223,0.3713,1.3952,1.0239,0.3132920983382326
2025-05-11,62312.21982818929,59840.174319290105,2052.3292361111107,61892.503555401214,36308.47332884034,-10.356295516087926,10099.245554390276,46397.362587714524,19579.628929012342,15859.499432499997,35439.12836151234,671.1155310528106,3143.1610399519905,1,0.7661972222222223,0.3713,1.3952,1.0239,0.3132920983382326
2025-05-12,55626.12271243141,57408.954005469815,1503.2961458333339,58912.250151303146,33111.50778772933,2485.5419524510526,6675.470513720142,42272.520253900526,17634.627367969817,14284.048168055551,31918.675536025366,2952.723291255138,1169.891998216736,1,0.7661972222222223,0.3713,1.3952,1.0239,0.3132920983382326
2025-05-13,64636.29115312071,59231.159209299716,1206.5181486111126,60437.67735791083,37859.32763421592,-977.7495304469602,5829.573813717366,42711.15191748633,19018.56193491084,15405.035167277776,34423.597102188614,505.477330733197,5910.6092745541855,1,0.7661972222222223,0.3713,1.3952,1.0239,0.3132920983382326
2025-05-14,63028.20192676611,59709.32113403635,963.1280472222215,60672.44918125857,38032.36050077957,-958.185807651822,3935.5588065638854,41009.73349969163,18769.092277091906,15202.964744444445,33972.057021536355,378.15734235253535,3697.038135082298,1,0.7661972222222223,0.3713,1.3952,1.0239,0.3132920983382326
2025-05-15,61829.94477007424,59904.23569634311,711.963431944445,60616.19912828755,37914.53200037076,-130.46745119792172,2692.5438456097245,40476.60839478256,19114.795477829222,15482.984337041667,34597.77981487089,1323.4708347393678,3249.1799084705,1,0.7661972222222223,0.3713,1.3952,1.0239,0.3132920983382326
2025-05-16,58854.16810546981,56022.372662414266,0.0,56022.372662414266,35851.0999553423,-939.8367184420679,0.0,34911.26323690023,18645.889036351167,15103.170119444443,33749.05915579561,0.0,2831.7954430555533,0,0.7661972222222223,0.3713,1.3952,1.0239,0.3132920983382326
2025-05-17,66891.34851658093,64207.22392848078,3.5616666666666106,64210.78559514745,39858.48946880014,-857.62354030302,7.614843333333213,39008.48077183045,19653.48076598079,15919.319420444443,35572.80018642523,0.0,2684.1245881001414,1,0.7661972222222223,0.3713,1.3952,1.0239,0.3132920983382326
2025-05-18,66484.45099698217,62679.79188887173,696.2253694444448,63376.01725831618,39145.90378950878,-1054.530803104728,2252.044025536807,40343.41701194086,19786.264910836762,16026.874577777777,35813.13948861454,0.0,3804.6591081104284,1,0.7661972222222223,0.3713,1.3952,1.0239,0.3132920983382326
2025-05-19,60550.91036694101,56702.826623531204,499.89225277777757,57202.71887630898,35790.457003286036,-548.7632432626966,2613.8635866979157,37855.55734672125,18592.512280281204,15059.934947027778,33652.44722730898,335.59646686111194,4183.680210270919,1,0.7661972222222223,0.3713,1.3952,1.0239,0.3132920983382326
2025-05-20,60057.88522263374,61283.33071901371,715.6551250000025,61998.98584401372,35707.15495163588,1326.4544538561095,3339.2435845652935,40372.85299005728,18771.334287620026,15204.780772972223,33976.115060592245,1259.2577033244195,33.81220694444437,1,0.7661972222222223,0.3713,1.3952,1.0239,0.3132920983382326
2025-05-21,56671.6308803155,58878.258635939645,717.7943080694483,59596.05294400909,34291.02212009536,2474.279234620114,2734.754930253791,39500.056284969265,18910.777850497256,15317.730058902773,34228.507909400025,3000.0002880144016,793.372532390258,1,0.7661972222222223,0.3713,1.3952,1.0239,0.3132920983382326
2025-05-22,59554.15739696502,58994.315994204386,450.37937083333316,59444.69536503772,36108.05381034689,-139.8801930244479,1858.6482620611102,37826.82187938356,18490.09816529492,14976.979513888888,33467.07767918381,0.0,559.841402760631,1,0.7661972222222223,0.3713,1.3952,1.0239,0.3132920983382326
2025-05-23,63681.17096476337,62541.40236656379,0.0,62541.40236656379,37667.794076741186,1269.5578769016806,0.0,38937.351953642865,18734.482223936895,15174.930601388889,33909.41282532578,1532.4411237654303,2672.2097219650186,0,0.7661972222222223,0.3713,1.3952,1.0239,0.3132920983382326
2025-05-24,57900.62112021604,57806.74927308527,0.0,57806.74927308527,35132.3541909966,25.498513177225703,0.0,35157.85270417383,19748.99231280863,15996.683773374996,35745.67608618362,128.18257407407367,222.05442120484963,0,0.7661972222222223,0.3713,1.3952,1.0239,0.3132920983382326
2025-05-25,60570.73799840534,57056.58471328532,804.2420263888886,57860.82673967421,35902.438843632095,-649.6991913962488,3176.6400779416663,38429.37973017751,17949.05765939643,14538.736704111107,32487.794363507535,140.40341638888864,3654.556701508917,1,0.7661972222222223,0.3713,1.3952,1.0239,0.3132920983382326
2025-05-26,58637.32468204167,61978.05848152727,599.3814861111114,62577.43996763838,35441.74160239911,2700.131812819329,2014.939973080556,40156.81338829899,20130.12432086762,16305.400699902773,36435.525020770394,3340.733799485595,0.0,1,0.7661972222222223,0.3713,1.3952,1.0239,0.3132920983382326
2025-05-27,55899.014393227015,56754.25996754115,889.7792958333334,57644.03926337448,33971.59195733478,1950.6671360921796,3644.481234202084,39566.74032762904,17573.18930015432,14234.283333124999,31807.47263327932,2914.442386145409,2059.1968118312766,1,0.7661972222222223,0.3713,1.3952,1.0239,0.3132920983382326
2025-05-28,63716.46592222222,62088.11763659928,385.38825833333283,62473.50589493261,37704.08732342305,-64.93052751094355,1493.914599516665,39133.07139542877,20641.018786779838,16719.225217291663,37360.2440040715,318.9618678749985,1947.310153497939,1,0.7661972222222223,0.3713,1.3952,1.0239,0.3132920983382326
2025-05-29,62960.61063472222,62176.56952251372,558.4083305555541,62734.97785306927,37420.34999897958,468.5486112905686,2456.429248921519,40345.327859191675,20020.898765432095,16216.927999999998,36237.826765432095,979.7086306111125,1763.7497428196202,1,0.7661972222222223,0.3713,1.3952,1.0239,0.3132920983382326
2025-05-30,66817.84670312071,61204.252502959185,0.0,61204.252502959185,40060.36914258423,-1352.7541844149816,0.0,38707.61495816925,19449.84673604252,15754.375856194443,35204.22259223696,96.89277108333329,5710.486971244851,0,0.7661972222222223,0.3713,1.3952,1.0239,0.3132920983382326
2025-05-31,69685.75350154939,63677.67888472222,92.18666666666661,63769.86555138889,42418.67151516987,-2083.5231478166747,197.0950933333332,40532.24346068653,20423.588764934837,16543.106899597216,36966.69566453205,0.0,6008.074616827166,1,0.7661972222222223,0.3713,1.3952,1.0239,0.3132920983382326
2025-06-01,77390.77704531893,71456.31407856652,6403.153591666667,77859.46767023318,46832.32454412542,-2150.8204006408687,25827.170286809724,70508.67443029427,22109.62129801097,17908.793251388888,40018.41454939986,0.0,5934.462966752401,1,0.7661972222222223,0.3713,1.3952,1.0239,0.3132920983382326
2025-06-02,78860.16936685526,68002.45811484911,6403.74057777778,74406.19869262689,48382.20696719123,-3511.75715652552,24500.79509349238,69371.24490415808,22622.399478737996,18324.143577777773,40946.54305651577,0.0,10857.71125200617,1,0.7661972222222223,0.3713,1.3952,1.0239,0.3132920983382326
2025-06-03,72795.50102247941,71452.28955294924,5018.796670833334,76471.08622378258,44103.5510551509,627.1079276159978,20069.417673177093,64800.07665594399,22520.024430727022,18241.219788888888,40761.24421961591,1158.9898791666667,2502.2013486968367,1,0.7661972222222223,0.3713,1.3952,1.0239,0.3132920983382326
2025-06-04,83604.211835631,70589.5017897169,5273.924581944442,75863.42637166135,51602.961057118155,-2173.1978654032855,19270.091867103467,68699.85505881833,22397.873542369678,18142.27756931944,40540.15111168912,3511.6019459754807,16526.311991889575,1,0.7661972222222223,0.3713,1.3952,1.0239,0.3132920983382326
2025-06-05,73037.06383739712,72251.47889778807,5445.475443055553,77696.95434084361,43766.22054828738,418.2843224831281,21707.8187763118,65892.32364708232,22178.39598251029,17964.50074583333,40142.89672834362,582.255991666666,1367.8409312757162,1,0.7661972222222223,0.3713,1.3952,1.0239,0.3132920983382326
2025-06-06,80123.133022548,76482.48089986111,0.0,76482.48089986111,49632.01412493882,-1154.005065928252,0.0,48478.00905901057,23265.650569444442,18845.17696125,42110.82753069444,179.63926682098486,3820.2913895078864,0,0.7661972222222223,0.3713,1.3952,1.0239,0.3132920983382326
2025-06-07,84918.85505138888,76817.3713530972,76.18833333333339,76893.55968643054,52746.05585316375,-2489.6632645568498,162.89065666666679,50419.283245273575,23199.935162499998,18791.947481625,41991.882644125,433.6741725416633,8535.157870833333,1,0.7661972222222223,0.3713,1.3952,1.0239,0.3132920983382326
2025-06-08,69706.5844656725,66906.49916283025,4709.409445833332,71615.90860866358,41827.69843662318,35.55028954513588,18318.844891857636,60182.093618025945,20057.395294135807,16246.490188249998,36303.885482385806,1028.6597693460258,3828.745072188268,1,0.7661972222222223,0.3713,1.3952,1.0239,0.3132920983382326
2025-06-09,79049.65121111111,73759.32385891152,3657.1094763888877,77416.4333353004,48880.05287087361,-1842.585473698355,13871.979361081245,60909.4467582565,22409.826079578186,18151.959124458328,40561.78520403651,0.0,5290.327352199588,1,0.7661972222222223,0.3713,1.3952,1.0239,0.3132920983382326
2025-06-10,74717.07478849452,74332.68871412893,3418.803243055554,77751.49195718448,45518.96434463294,414.4447320326017,12440.749220121515,58374.158296787056,22580.345841906717,18290.080131944444,40870.42597385116,733.75413233882,1118.140206704389,1,0.7661972222222223,0.3713,1.3952,1.0239,0.3132920983382326
2025-06-11,80712.11057977777,80058.20575150548,2693.6956570816146,82751.90140858709,50710.87706337326,106.22845193755506,10543.769674854742,61360.87519016555,23735.703492198216,19225.919828680555,42961.623320878774,477.1648324444454,1131.0696607167279,1,0.7661972222222223,0.3713,1.3952,1.0239,0.3132920983382326
2025-06-12,79529.63437673182,78376.6214953846,1438.815771188614,79815.43726657322,49388.73780638222,-447.9652186823187,5564.0701296162515,54504.84271731615,22439.988603309328,18176.390768680554,40616.37937198988,0.0,1153.0128813472231,1,0.7661972222222223,0.3713,1.3952,1.0239,0.3132920983382326
2025-06-13,80448.31446826833,79144.85983436917,0.0,79144.85983436917,50009.482354239706,-230.9078037713358,0.0,49778.57455046837,23390.323286299732,18946.16186190278,42336.48514820251,312.18080972222185,1615.6354436213933,0,0.7661972222222223,0.3713,1.3952,1.0239,0.3132920983382326
2025-06-14,81536.44776375171,76547.69485833333,0.0,76547.69485833333,49990.154293713495,-1583.6852382236968,0.0,48406.4690554898,22293.334700240055,18057.60110719444,40350.93580743449,0.0,4988.752905418383,0,0.7661972222222223,0.3713,1.3952,1.0239,0.3132920983382326
2025-06-15,73965.39111627228,75472.14962165637,1889.4599006805574,77361.60952233692,45455.07694614427,1178.8734066219865,7630.374951916944,54264.325304683196,22928.858699434153,18572.375546541665,41501.23424597582,1649.1023095507592,142.3438041666668,1,0.7661972222222223,0.3713,1.3952,1.0239,0.3132920983382326
2025-06-16,77837.53947129182,77636.03978742077,1757.115790569445,79393.15557799021,48006.49774434583,-37.160090407977364,7109.29479141141,55078.63244534926,23250.038838837445,18832.531459458332,42082.570298295774,35.42105542935718,236.92073930041033,1,0.7661972222222223,0.3713,1.3952,1.0239,0.3132920983382326
2025-06-17,80098.13796541494,80817.50328729422,1456.9380196805564,82274.44130697478,49602.09087936391,1233.4891580848198,5891.6510091302425,56727.23104657897,23920.761992849788,19375.81721420833,43296.57920705812,1363.1846425583035,643.8193206790157,1,0.7661972222222223,0.3713,1.3952,1.0239,0.3132920983382326
2025-06-18,80843.76291838134,79048.37253907749,751.5393204583327,79799.91185953583,49948.55817164031,-84.17384160479935,2960.3335079923354,52824.71783802784,22386.679633521948,18133.210503152775,40519.89013667472,734.7303926097416,2530.1207719135837,1,0.7661972222222223,0.3713,1.3952,1.0239,0.3132920983382326
2025-06-19,76841.25717973249,74321.54919288408,1634.7792333333332,75956.32842621741,47131.75638834956,736.3470605086742,6875.905278229861,54744.0087270881,22319.229597050748,18078.575973611107,40397.805570661854,2046.0964149348379,4565.8044017832635,1,0.7661972222222223,0.3713,1.3952,1.0239,0.3132920983382326
2025-06-20,79451.10218472223,76858.98329534498,0.0,76858.98329534498,49076.74647880375,-939.885401807114,0.0,48136.86107699663,22167.838256635798,17955.948987874996,40123.78724451079,0.0,2592.1188893772296,0,0.7661972222222223,0.3713,1.3952,1.0239,0.3132920983382326
2025-06-21,74343.05803558246,74194.00876261025,0.0,74194.00876261025,45952.65598009236,58.991351597314086,0.0,46011.64733168967,21731.80743895748,17602.76402555556,39334.571464513036,118.8614819444445,267.91075491666504,0,0.7661972222222223,0.3713,1.3952,1.0239,0.3132920983382326
2025-06-22,74581.25031387173,74228.38684979903,1029.1157180555597,75257.5025678546,45152.43047003234,2057.779463862642,4162.733654661138,51372.943588556125,21121.09522529149,17108.087132486107,38229.182357777594,2270.6990959581594,2623.5625600308626,1,0.7661972222222223,0.3713,1.3952,1.0239,0.3132920983382326
2025-06-23,75582.74032003377,75343.66004364488,664.0074364583353,76007.66748010322,47076.59587974889,-79.44706799444427,2716.0542137040024,49713.20302545845,21815.661447811555,17670.685772727356,39486.34722053891,0.0,239.08027638888785,1,0.7661972222222223,0.3713,1.3952,1.0239,0.3132920983382326
2025-06-24,87201.96061944443,84544.48658179012,849.7454458333326,85394.23202762345,54860.31037643861,-943.2927893976689,3073.6530684493014,56990.67065549025,24628.476108110426,19949.065647569445,44577.54175567987,0.0,2657.474037654323,1,0.7661972222222223,0.3713,1.3952,1.0239,0.3132920983382326
2025-06-25,78372.91368487653,79376.21077313324,740.7748722222213,80116.98564535545,48001.21712721663,1629.239487617717,3515.3598355395807,53145.81645037393,22176.275962397118,17962.783529541666,40139.05949193878,1506.4894150205755,503.19232676388583,1,0.7661972222222223,0.3713,1.3952,1.0239,0.3132920983382326
2025-06-26,75320.3980254801,75717.8572553155,827.4383652777785,76545.29562059327,46867.11663615812,412.80439531933996,3636.79651902431,50916.71755050177,20894.175408093273,16924.282080555553,37818.457488648826,526.2382451131658,128.77901527777726,1,0.7661972222222223,0.3713,1.3952,1.0239,0.3132920983382326
2025-06-27,78026.33264727521,73135.1653443678,0.0,73135.1653443678,49134.819585546036,-1883.8132799852722,0.0,47251.00630556076,21341.302601131683,17286.45510691667,38627.75770804835,0.0,4891.167302907412,0,0.7661972222222223,0.3713,1.3952,1.0239,0.3132920983382326
2025-06-28,76925.65200710151,77037.85357414762,0.0,77037.85357414762,48162.080115368764,197.21744822219927,0.0,48359.29756359096,23113.512089866257,18721.944792791666,41835.45688265792,295.2463190694443,183.04475202331878,0,0.7661972222222223,0.3713,1.3952,1.0239,0.3132920983382326
2025-06-29,73640.96534322701,76264.80294544085,1361.83837457133,77626.64132001219,45056.92516183178,3445.685452229217,4324.529035388417,52827.13964944942,21876.154418192727,17719.685078736107,39595.839496928835,3175.774821227712,551.9372190138873,1,0.7661972222222223,0.3713,1.3952,1.0239,0.3132920983382326
2025-06-30,79981.5909963786,78734.89880658333,711.4826138888882,79446.38142047221,49700.82246293185,-119.41550480911285,2657.16679267569,52238.57375079843,22421.02360416666,18161.029119374998,40582.05272354166,334.83873611111176,1581.5309259063752,1,0.7661972222222223,0.3713,1.3952,1.0239,0.3132920983382326
2025-07-01,70877.38221376885,71657.97255269942,11788.675674027778,83446.6482267272,43401.58799988911,650.4675283195918,43343.06859877701,87395.12412698571,21776.853130435524,17639.251035652775,39416.1041660883,792.1603555972263,11.570016666666561,1,0.7661972222222223,0.3713,1.3952,1.0239,0.3132920983382326
2025-07-02,68531.7922380144,67145.723215655,9582.717669005655,76728.44088466065,42560.14973184124,-485.6110690114941,36278.35126741696,78352.8899302467,19006.736525017142,15395.456585263888,34402.193110281034,0.0,1386.0690223593951,1,0.7661972222222223,0.3713,1.3952,1.0239,0.3132920983382326
2025-07-03,77235.2865717349,76340.49025945782,8616.059935048184,84956.550194506,47588.76784744527,-282.94978139601915,32627.427828540673,79933.24589458993,22260.850263408774,18031.288713361108,40292.138976769886,89.51655972222181,984.312871999318,1,0.7661972222222223,0.3713,1.3952,1.0239,0.3132920983382326
2025-07-04,69890.00331207133,71541.2543620571,0.0,71541.2543620571,43088.262261168056,2423.6883392823197,0.0,45511.95060045038,21633.043269598762,17522.765048375,39155.80831797376,2792.6670672697146,1141.4160172839524,0,0.7661972222222223,0.3713,1.3952,1.0239,0.3132920983382326
2025-07-05,68922.26623928326,68897.03033763717,71.99833333333322,68969.02867097051,42738.244063968064,201.98500914924108,153.93243666666643,43094.161509783975,20279.13821764403,16426.101956291666,36705.2401739357,262.17128921467213,287.4071908607672,1,0.7661972222222223,0.3713,1.3952,1.0239,0.3132920983382326
2025-07-06,71735.62298940329,75561.65880939644,9014.000668097218,84575.65947749365,44910.166570094996,3227.2520127784746,34476.672956735536,82614.09153960901,22170.640744118653,17958.219002736114,40128.85974685477,3923.9967588820323,97.96093888888856,1,0.7661972222222223,0.3713,1.3952,1.0239,0.3132920983382326
2025-07-07,73639.78108333332,69852.46113018758,7903.253213683129,77755.71434387071,45618.855410746604,-1002.9809202743085,28803.30886459705,73419.18335506934,18698.74411464334,15145.98273286111,33844.726847504455,141.9602824166666,3929.280235562414,1,0.7661972222222223,0.3713,1.3952,1.0239,0.3132920983382326
2025-07-08,77435.74526563786,73183.37143228739,7478.063814611111,80661.4352468985,48052.57586023798,-1221.981241316102,28727.289492223572,75557.88411114545,21875.097622565154,17718.829074277775,39593.92669684293,37.985316666666506,4290.35915001715,1,0.7661972222222223,0.3713,1.3952,1.0239,0.3132920983382326
2025-07-09,79243.12661775926,75417.86848335047,5370.6916327083345,80788.5601160588,48801.759100097996,-1192.4661711830527,20600.655051283786,68209.94798019872,21628.744616683813,17519.28313951389,39148.0277561977,36.1445638888888,3861.402698297667,1,0.7661972222222223,0.3713,1.3952,1.0239,0.3132920983382326
2025-07-10,74584.29668432786,73762.95702043895,4766.874117900731,78529.83113833968,46746.587110323206,-60.10819443548701,16720.65073596375,63407.12965185147,21626.568505881347,17517.520489763883,39144.08899564523,101.05963194444405,922.3992958333347,1,0.7661972222222223,0.3713,1.3952,1.0239,0.3132920983382326
2025-07-11,83627.10188948901,81596.40744916821,0.0,81596.40744916821,52335.90109824757,-736.5393527162398,0.0,51599.36174553133,21657.54347515432,17542.610214875,39200.15369002932,0.0,2030.69444032082,0,0.7661972222222223,0.3713,1.3952,1.0239,0.3132920983382326
2025-07-12,74261.97550495542,78694.45044655452,0.0,78694.45044655452,46608.45943968913,3759.158430718104,0.0,50367.61787040724,22008.732496193414,17827.07332191666,39835.80581811008,4432.474941599106,0.0,0,0.7661972222222223,0.3713,1.3952,1.0239,0.3132920983382326
2025-07-13,80927.95861666667,74459.59069453018,2176.889279166665,76636.47997369684,51554.27845628583,-2386.3659995196576,8293.161610566658,57461.074067332826,21453.75346536351,17377.540306944444,38831.29377230795,0.0,6468.367922136485,1,0.7661972222222223,0.3713,1.3952,1.0239,0.3132920983382326
2025-07-14,77374.897669393,74636.07280812963,3002.026119444446,77638.09892757407,47798.879885699615,-413.94325718259273,12427.634974450702,59812.57160296773,20457.982297685186,16570.965661125,37028.94795881018,316.49114900755086,3055.316010270924,1,0.7661972222222223,0.3713,1.3952,1.0239,0.3132920983382326
2025-07-15,81521.71527548009,76690.2989361797,2534.941973083334,79225.24090926303,50626.71947291131,-1328.5450991389632,9046.055960664613,58344.23033443696,20319.61466534636,16458.887878930553,36778.50254427691,0.0,4831.416339300416,1,0.7661972222222223,0.3713,1.3952,1.0239,0.3132920983382326
2025-07-16,78976.27356397462,77114.00114581206,2604.0119236111104,79718.01306942316,50059.416153820195,-583.9263078733917,8550.020953441668,58025.510799388474,20749.36922503429,16806.989072277778,37556.358297312065,267.18324224554493,2129.4556604081,1,0.7661972222222223,0.3713,1.3952,1.0239,0.3132920983382326
2025-07-17,77082.59332515432,78155.5497227709,1749.311014384946,79904.86073715585,48146.75220159504,1834.4936486844217,7021.927987575508,57003.17383785497,21315.862249965707,17265.848422472223,38581.71067243793,1818.4895906721558,745.5331930555535,1,0.7661972222222223,0.3713,1.3952,1.0239,0.3132920983382326
2025-07-18,88119.48480663888,82510.16790252057,0.0,82510.16790252057,55499.22504525643,-1770.5422540053776,0.0,53728.682791251056,22175.218870576122,17961.92728516667,40137.14615574279,292.28420586111054,5901.6011099794305,0,0.7661972222222223,0.3713,1.3952,1.0239,0.3132920983382326
2025-07-19,85932.46183237311,76765.77724176954,31.365000000000123,76797.14224176954,54699.746468524114,-1895.606872809968,67.05837000000027,52871.19796571414,20960.064445936212,16977.652201208337,37937.71664714455,1846.2283959876463,11012.912986591213,1,0.7661972222222223,0.3713,1.3952,1.0239,0.3132920983382326
2025-07-20,82754.99149986281,80398.59540229765,730.5835641527776,81129.17896645043,51344.02633625514,-496.7153747244294,2992.6662930129096,53839.97725454362,21561.070943964325,17464.46746461111,39025.538408575434,218.5857124999999,2574.9818100651632,1,0.7661972222222223,0.3713,1.3952,1.0239,0.3132920983382326
2025-07-21,83721.37340507544,81926.3437145919,847.724627777779,82774.06834236968,52466.07927616263,31.198626665449297,3080.779391559033,55578.05729438711,22189.214763374483,17973.26395833333,40162.47872170781,892.2196663751712,2687.2493568587115,1,0.7661972222222223,0.3713,1.3952,1.0239,0.3132920983382326
2025-07-22,79983.0985679698,82620.88108535664,1042.0314652777777,83662.91255063441,50331.95402278108,5463.060676669844,3803.7793364506947,59598.79403590162,22214.86505315501,17994.04069305555,40208.905746210556,7327.737374793558,4689.954857406725,1,0.7661972222222223,0.3713,1.3952,1.0239,0.3132920983382326
2025-07-23,90031.92154480451,81328.45712716837,1003.6019708333336,82332.0590980017,57144.36119916051,-2916.8918630260055,3718.5366177583337,57946.00595389283,22413.34632431413,18154.810522694446,40568.15684700858,0.0,8703.464417636147,1,0.7661972222222223,0.3713,1.3952,1.0239,0.3132920983382326
2025-07-24,89696.87591263888,83686.43661592936,385.4526513888886,84071.88926731824,56964.69675779075,-2042.4130443906283,1342.8293106159713,56265.11302401609,22122.448197873797,17919.183040277778,40041.631238151575,0.0,6010.4392967095355,1,0.7661972222222223,0.3713,1.3952,1.0239,0.3132920983382326
2025-07-25,79840.80628029836,80785.49513352195,0.0,80785.49513352195,50345.26181538773,2153.6788206902734,0.0,52498.940636078,21356.418828806585,17298.69925133333,38655.11808013992,3354.333805295946,2409.644952072355,0,0.7661972222222223,0.3713,1.3952,1.0239,0.3132920983382326
2025-07-26,85641.2478168726,83670.28398847753,0.0,83670.28398847753,53493.80237479842,-466.5488555622786,0.0,53027.25351923614,22466.250495181754,18197.662901097225,40663.91339627898,180.99766250000016,2151.961490895059,0,0.7661972222222223,0.3713,1.3952,1.0239,0.3132920983382326
2025-07-27,82385.03196471209,82492.58622016221,663.2237236111098,83155.80994377332,51514.142867513845,1097.4086409902434,2326.781762856939,54938.33327136103,21851.336978412204,17699.58295251389,39550.919930926095,1092.9696700334362,985.4154145833318,1,0.7661972222222223,0.3713,1.3952,1.0239,0.3132920983382326
2025-07-28,85568.59715348079,86018.58877148284,1102.5166819444446,87121.10545342728,53684.5020422064,1234.1010747283658,4162.787362409724,59081.39047934449,22934.331621262005,18576.808613222223,41511.14023448423,1033.8365270555512,583.8449090534891,1,0.7661972222222223,0.3713,1.3952,1.0239,0.3132920983382326
2025-07-29,82923.45235221193,86539.1055042867,305.1443822499988,86844.2498865367,52017.73360793534,3364.0387870417126,1273.8932531927148,56655.665648169765,22469.213054835396,18200.06257441667,40669.275629252064,3632.6884437414337,17.035291666666694,1,0.7661972222222223,0.3713,1.3952,1.0239,0.3132920983382326
2025-07-30,76742.03199722222,83592.74477819855,515.1977236111109,84107.94250180967,48322.08748478736,6468.792651740311,1828.7452946666663,56619.625431194334,22410.410104115224,18152.43218433333,40562.842288448555,6850.7127809763415,0.0,1,0.7661972222222223,0.3713,1.3952,1.0239,0.3132920983382326
2025-07-31,81544.04046316014,83154.31454063187,582.1325652777782,83736.44710590964,50985.39349763621,1728.4186883253471,2231.462132067364,54945.27431802892,22490.252231395745,18217.10430743055,40707.356538826294,1610.2740774717124,0.0,1,0.7661972222222223,0.3713,1.3952,1.0239,0.3132920983382326
2025-08-01,81926.74859727366,74974.476402572,0.0,74974.476402572,51870.191536716586,-1857.509330478023,0.0,50012.68220623856,20166.869655349794,16335.164420833333,36502.034076183125,517.6708265432111,7469.943021244853,0,0.7661972222222223,0.3713,1.3952,1.0239,0.3132920983382326
2025-08-02,89357.62696388888,77282.2921037037,32.52833333333342,77314.82043703704,56522.38895885319,-3822.547576975463,69.54557666666685,52769.38695854439,20814.508765432103,16859.752099999998,37674.2608654321,0.0,12075.334860185185,1,0.7661972222222223,0.3713,1.3952,1.0239,0.3132920983382326
2025-08-03,71817.36487705761,70696.47141860424,491.10896944444494,71187.58038804868,45621.23370771947,569.931632749239,2086.622831320143,48277.78817178885,19830.937426937584,16063.059315819442,35893.99674275702,1157.6419699410167,2278.5354283943757,1,0.7661972222222223,0.3713,1.3952,1.0239,0.3132920983382326
2025-08-04,76602.82877090192,74084.13283149862,652.073381944446,74736.20621344306,49080.75054684581,-478.27445480868073,2663.359729791673,51265.835821828805,19407.806452331955,15720.323226388888,35128.12967872084,1316.8581837448578,3835.554123148154,1,0.7661972222222223,0.3713,1.3952,1.0239,0.3132920983382326
2025-08-05,75119.58830862484,75627.81659902657,214.50761666666648,75842.32421569324,47822.27567113583,768.115739527554,927.9887556999995,49518.38016636338,20197.96414069324,16360.350953961526,36558.31509465477,1631.159079290635,1122.9307888888907,1,0.7661972222222223,0.3713,1.3952,1.0239,0.3132920983382326
2025-08-06,82858.67772926955,79194.23573735409,226.26909166666604,79420.50482902075,53485.20986302561,-1455.1038530977899,937.234384726386,52967.3403946542,21318.332029681074,17267.848944041667,38586.180973722745,41.83214345833403,3706.274135373793,1,0.7661972222222223,0.3713,1.3952,1.0239,0.3132920983382326
2025-08-07,83769.80673525376,75185.15586776406,312.9281347222226,75498.08400248628,52237.76958780081,-1595.6440133990932,929.4099122243063,51571.535486626024,20816.193254458165,16861.11653611111,37677.30979056927,689.5896875000004,9274.240554989705,1,0.7661972222222223,0.3713,1.3952,1.0239,0.3132920983382326
2025-08-08,73087.76577099999,72993.35331961111,0.0,72993.35331961111,46543.67540638721,-39.63043610993051,0.0,46504.044970277275,21481.535671639227,17400.043894027775,38881.579565667,0.0,94.41245138888883,0,0.7661972222222223,0.3713,1.3952,1.0239,0.3132920983382326
2025-08-09,78059.30150123456,75541.3798383059,0.0,75541.3798383059,49212.15757484154,-676.6946313293959,0.0,48535.462943512146,20002.08297998971,16201.687213791665,36203.770193781376,0.0,2517.9216629286666,0,0.7661972222222223,0.3713,1.3952,1.0239,0.3132920983382326
2025-08-10,77529.91794760476,74617.84693860271,298.2612166666681,74916.10815526938,49486.5387287385,-1020.3683594120183,1024.4928852222272,49490.663254548715,19710.55608847736,15965.550431666665,35676.10652014402,0.0,2912.0710090020602,1,0.7661972222222223,0.3713,1.3952,1.0239,0.3132920983382326
2025-08-11,75863.93103225308,76503.12694924553,355.90989305555536,76859.03684230108,47429.08885262847,988.5751726191263,1286.8984575256934,49704.56248277328,21078.212438923176,17073.352075527775,38151.56451445095,865.5168308813436,226.32091388888904,1,0.7661972222222223,0.3713,1.3952,1.0239,0.3132920983382326
2025-08-12,82221.6467717764,79618.59738290467,252.00910694444178,79870.60648984912,51555.21540541417,19.49970804474367,848.4862304777619,52423.20134393668,20789.650656515776,16839.617031777776,37629.26768829355,757.4364833333336,3360.4858722050703,1,0.7661972222222223,0.3713,1.3952,1.0239,0.3132920983382326
2025-08-13,75120.13395684156,75285.14494679355,592.1491236111078,75877.29407040465,47051.93989961672,341.0049389427487,2365.071579977758,49758.016418537234,19657.380392661176,15922.478118055556,35579.85851071673,367.5079385631018,202.49694861111084,1,0.7661972222222223,0.3713,1.3952,1.0239,0.3132920983382326
2025-08-14,77085.11300670439,78102.98107553154,143.12566805555568,78246.1067435871,49069.98270311192,1134.3954505265442,550.3394485833337,50754.7176022218,21486.98520747599,17404.458018055553,38891.44322553155,2084.1663846364972,1066.298315809334,1,0.7661972222222223,0.3713,1.3952,1.0239,0.3132920983382326
2025-08-15,86549.60783993483,75766.60153470507,0.0,75766.60153470507,54873.154882570525,-3509.991922917686,0.0,51363.16295965284,21513.696418038406,17426.09409861111,38939.79051664952,0.0,10783.006305229768,0,0.7661972222222223,0.3713,1.3952,1.0239,0.3132920983382326
2025-08-16,84187.06953794582,73134.34982295951,0.0,73134.34982295951,53964.06446856966,-3646.811960247168,0.0,50317.25250832249,19347.97828268175,15671.862408972218,35019.84069165397,0.0,11052.719714986286,0,0.7661972222222223,0.3713,1.3952,1.0239,0.3132920983382326
2025-08-17,79780.99099439266,74936.81967321673,323.29757361111115,75260.11724682784,49742.65259125562,-995.4788940175677,1664.377370033332,50411.55106727138,20927.191212105627,16951.024881805555,37878.21609391118,261.0214944444447,5105.192815620367,1,0.7661972222222223,0.3713,1.3952,1.0239,0.3132920983382326
2025-08-18,76810.21175980795,75104.45175951647,337.7923833333328,75442.2441428498,48888.99313375089,-639.793003439268,1516.0717130638886,49765.27184337551,20979.682988683126,16993.543220833333,37973.22620951646,0.0,1705.7600002914871,1,0.7661972222222223,0.3713,1.3952,1.0239,0.3132920983382326
2025-08-19,76230.55728592249,75119.84996186556,438.95202638888895,75558.80198825445,48264.576532011284,-2.252023194400863,2185.1425462263896,50447.46705504327,19822.754635339505,16056.431254625002,35879.18588996451,507.6976805555555,1618.4050046124853,1,0.7661972222222223,0.3713,1.3952,1.0239,0.3132920983382326
2025-08-20,84368.05329270953,79883.28728895748,392.66272638888955,80275.95001534637,52736.10191553882,-873.6783532497939,1561.834180306947,53424.257742595975,21752.25946951303,17619.33017030556,39371.58963981859,417.1321469166681,4901.898150668728,1,0.7661972222222223,0.3713,1.3952,1.0239,0.3132920983382326
2025-08-21,80696.69687451988,76342.55396479767,322.79638888888906,76665.35035368656,50457.62231937793,-979.4099159537716,1178.5405927472225,50656.75299617138,21292.582285716737,17246.99165143056,38539.573937147296,223.19033472222054,4577.333244444444,1,0.7661972222222223,0.3713,1.3952,1.0239,0.3132920983382326
2025-08-22,79801.08902002743,73610.23063199587,0.0,73610.23063199587,50745.66261039121,-1720.1851976950106,0.0,49025.4774126962,19896.126301440327,16115.862304166665,36011.988605606995,221.21344578189326,6412.071833813441,0,0.7661972222222223,0.3713,1.3952,1.0239,0.3132920983382326
2025-08-23,77269.93107690329,75971.09568024692,0.0,75971.09568024692,48576.41672225312,700.5720830742584,0.0,49276.988805327375,21363.17830246914,17304.174425000005,38667.352727469144,1601.4082279149538,2900.2436245713243,0,0.7661972222222223,0.3713,1.3952,1.0239,0.3132920983382326
2025-08-24,75655.70263825446,73518.03264240397,307.59537916666693,73825.62802157064,48470.84916966292,1004.3851082246081,1209.1249477222218,50684.359225609755,21759.150792181066,17624.912141666668,39384.06293384773,2196.3585052812077,4334.028501131688,1,0.7661972222222223,0.3713,1.3952,1.0239,0.3132920983382326
2025-08-25,96706.28622554868,81079.81598583676,249.68236805555537,81329.49835389231,61686.054271802976,-5287.624883929664,829.8073602562499,57228.236748129566,22157.122133058983,17947.26892777778,40104.39106083676,0.0,15626.47023971193,1,0.7661972222222223,0.3713,1.3952,1.0239,0.3132920983382326
2025-08-26,76781.55352896091,75595.40773842591,180.15055416666706,75775.55829259258,49328.86268753776,-430.62574585588544,613.7943369430579,49512.031278624934,20860.25856481481,16896.8094375,37757.06800231481,81.20688501371711,1267.3526755486998,1,0.7661972222222223,0.3713,1.3952,1.0239,0.3132920983382326
2025-08-27,77868.70807772633,79868.16753588819,113.6707444444441,79981.83828033264,49753.32528142021,3245.3970307923296,458.8263458187489,53457.54865803129,20891.688727554865,16922.267869319443,37813.95659687431,4070.8591365569346,2071.39967839507,1,0.7661972222222223,0.3713,1.3952,1.0239,0.3132920983382326
2025-08-28,77356.67826481481,80139.59899579904,690.5936111111114,80830.19260691015,48343.42489195375,3552.766423132578,2815.5540807736115,54711.745395859936,21232.49552218792,17198.32137297222,38430.81689516014,3107.8906768175593,324.9699458333335,1,0.7661972222222223,0.3713,1.3952,1.0239,0.3132920983382326
2025-08-29,87485.06304126131,78214.24360121743,0.0,78214.24360121743,55654.39460229072,-2641.675723978193,0.0,53012.718878312524,21560.76317558299,17464.21817222222,39024.98134780521,436.5543916666667,9707.373831710558,0,0.7661972222222223,0.3713,1.3952,1.0239,0.3132920983382326
2025-08-30,82687.48834415294,74588.81467400548,0.0,74588.81467400548,52767.757032425936,-2437.328228207638,0.0,50330.428804218296,21026.619468449928,17031.561769444445,38058.18123789437,0.0,8098.673670147465,0,0.7661972222222223,0.3713,1.3952,1.0239,0.3132920983382326
2025-08-31,75922.53697419632,75957.34941984105,637.6122333847783,76594.96165322582,48493.25263947247,95.25722137756767,2571.963470255888,51160.47333110593,20695.441610545266,16763.307704541665,37458.74931508693,198.8643257715991,164.05188012688723,1,0.7661972222222223,0.3713,1.3952,1.0239,0.3132920983382326
2025-09-01,84560.34457361112,77014.06350727024,0.0,77014.06350727024,52955.23542308598,-1624.0830992077751,0.0,51331.1523238782,20939.760557270238,16961.20605138889,37900.96660865913,801.0058982167393,8347.286964557614,0,0.7661972222222223,0.3713,1.3952,1.0239,0.3132920983382326
2025-09-02,75676.0201558299,76067.46149045833,0.0,76067.46149045833,47590.67884132746,1717.255103322277,0.0,49307.93394464974,21114.30448611111,17102.586633749997,38216.8911198611,2182.0119137779475,1790.5705791495193,0,0.7661972222222223,0.3713,1.3952,1.0239,0.3132920983382326
2025-09-03,80472.10480456104,77559.9853015432,0.0,77559.9853015432,50660.312043256636,-496.4583719225312,0.0,50163.8536713341,20839.698141820987,16880.155494874998,37719.85363669599,269.31827916666583,3181.4377821844987,0,0.7661972222222223,0.3713,1.3952,1.0239,0.3132920983382326
2025-09-04,78089.12471805555,75197.72807303634,73.84267638888889,75271.57074942523,49939.199537359724,-716.2711685440537,177.64689281041666,49400.57526162609,21346.488709036348,17290.65585431944,38637.14456335579,125.85735011111024,3017.253995130319,1,0.7661972222222223,0.3713,1.3952,1.0239,0.3132920983382326
2025-09-05,73550.65123688529,72689.15965204303,0.0,72689.15965204303,47194.74188095667,-408.6303293428643,0.0,46786.11155161381,20452.62713794581,16566.62798173611,37019.25511968192,0.0,861.4915848422553,0,0.7661972222222223,0.3713,1.3952,1.0239,0.3132920983382326
2025-09-06,74320.18826839849,74214.54355414951,0.0,74214.54355414951,47352.85185326754,300.7532496353315,0.0,47653.60510290287,21402.83344537037,17336.295090749998,38739.12853612036,510.2676347222201,615.912348971194,0,0.7661972222222223,0.3713,1.3952,1.0239,0.3132920983382326
2025-09-07,74165.66834178669,76073.25915589849,45.06188333333341,76118.32103923181,47097.9698553699,2375.278311071842,253.5412121354171,49726.78937857716,21072.518935065156,17068.740337402778,38141.259272467934,3429.101073731135,1521.5102596193433,1,0.7661972222222223,0.3713,1.3952,1.0239,0.3132920983382326
2025-09-08,81274.32917526973,80601.29475735596,0.0,80601.29475735596,51248.583384350284,943.3635135650202,0.0,52191.9468979153,22687.136244855967,18376.580358333333,41063.7166031893,1557.0252157578873,2230.059633671642,0,0.7661972222222223,0.3713,1.3952,1.0239,0.3132920983382326
2025-09-09,71550.51440838477,73270.18448615671,32.128440277778,73302.31292643449,45732.81648287551,3064.7766179665723,76.86729336458386,48874.46039420667,20944.174184653635,16964.781089569442,37908.95527422307,3318.711537305556,1599.0414595336092,1,0.7661972222222223,0.3713,1.3952,1.0239,0.3132920983382326
2025-09-10,83009.26689580554,80790.90446026303,28.048130555555304,80818.95259081859,52418.42048021447,341.0515689703875,86.14628116249911,52845.61833034736,22932.790836179694,18575.560577305554,41508.351413485245,1419.184227941354,3637.5466634838767,1,0.7661972222222223,0.3713,1.3952,1.0239,0.3132920983382326
2025-09-11,82389.6106616598,73863.84982870371,96.99231527777778,73960.84214398148,52319.759683227734,-2474.6851064619027,523.4905669027778,50368.56514366861,21653.735231481478,17539.525537499998,39193.260768981476,0.0,8525.760832956108,1,0.7661972222222223,0.3713,1.3952,1.0239,0.3132920983382326
2025-09-12,73376.76131886145,74450.11260169666,0.0,74450.11260169666,47102.33072770883,1348.980219844627,0.0,48451.31094755346,21690.732143432786,17569.493036180553,39260.225179613335,1729.3770197865233,656.0257369513034,0,0.7661972222222223,0.3713,1.3952,1.0239,0.3132920983382326
2025-09-13,72231.48507743483,73339.43255186899,0.0,73339.43255186899,46423.88779073685,1021.9184310352017,0.0,47445.80622177205,21651.853219667348,17538.001107930555,39189.8543275979,1396.895348868316,288.9478744341568,0,0.7661972222222223,0.3713,1.3952,1.0239,0.3132920983382326
2025-09-14,85113.88496040809,79927.25798396775,0.0,79927.25798396775,54317.2307384769,-1699.632763732909,0.0,52617.59797474399,22071.729725651574,17878.101077777777,39949.83080342935,94.34651388888881,5280.973490329217,0,0.7661972222222223,0.3713,1.3952,1.0239,0.3132920983382326
2025-09-15,70398.03439209535,70682.08122887518,566.3071888888888,71248.38841776407,45315.37079912417,262.0737055287676,2066.596615002777,47644.04111965571,21767.622020541836,17631.773836638888,39399.39585718072,284.0468367798346,0.0,1,0.7661972222222223,0.3713,1.3952,1.0239,0.3132920983382326
2025-09-16,84230.91160651852,79204.58256034585,0.0,79204.58256034585,53144.06168932151,-1589.1735390912659,0.0,51554.88815023025,22268.645084276406,18037.602518263884,40306.24760254029,41.35523023611108,5067.684276408772,0,0.7661972222222223,0.3713,1.3952,1.0239,0.3132920983382326
2025-09-17,80194.2973174554,77991.11539512705,128.59832500000024,78119.71372012705,51394.95838397021,-817.0461434983853,551.2601210284733,51129.17236150029,22027.83119511317,17842.543268041667,39870.37446315483,9.408136125001818,2212.590058453363,1,0.7661972222222223,0.3713,1.3952,1.0239,0.3132920983382326
2025-09-18,72622.32908155007,78174.1471401058,10.966204166666785,78185.11334427245,46439.8264340536,4936.517830793692,25.955578991667,51402.29984383896,22157.08725898491,17947.24067977778,40104.32793876269,6256.30021315106,704.4821545953362,1,0.7661972222222223,0.3713,1.3952,1.0239,0.3132920983382326
2025-09-19,78670.20634768519,78514.28673388204,0.0,78514.28673388204,49763.48913633486,76.86223964064196,0.0,49840.3513759755,21961.250313048695,17788.612753569447,39749.86306661814,139.98421258573558,295.9038263888898,0,0.7661972222222223,0.3713,1.3952,1.0239,0.3132920983382326
2025-09-20,75373.23459034637,77193.39011385458,0.0,77193.39011385458,48311.81520733744,1700.2278766843194,0.0,50012.04308402176,22384.555474965702,18131.489934722224,40516.045409687926,2425.2594269890233,605.1039034807939,0,0.7661972222222223,0.3713,1.3952,1.0239,0.3132920983382326
2025-09-21,76927.38530514404,75099.66252517147,11.513304166666558,75111.17582933814,48490.15830558383,-524.6179683998166,32.86869340416634,47998.40903058818,20471.34609739369,16581.790338888884,37053.13643628257,0.0,1827.7227799725651,1,0.7661972222222223,0.3713,1.3952,1.0239,0.3132920983382326
2025-09-22,78297.22744705074,71978.15781279148,369.4095847222228,72347.5673975137,49250.52487842347,-2003.128098441118,1064.9019292263897,48312.29870920874,22104.557560013716,17904.69162361111,40009.24918362482,0.0,6319.069634259259,1,0.7661972222222223,0.3713,1.3952,1.0239,0.3132920983382326
2025-09-23,76400.19805298353,74670.44275857578,39.265666666666675,74709.70842524245,47983.455369158146,-535.2627439524329,166.18796429166684,47614.380589497385,22222.061426714667,17999.869755638887,40221.93118235355,0.0,1729.7552944077527,1,0.7661972222222223,0.3713,1.3952,1.0239,0.3132920983382326
2025-09-24,66929.87419665637,69805.11867315447,640.9157138888891,70446.03438704336,42456.86116548654,2154.8396784044676,1774.1271063979184,46385.82795028892,21155.723081670098,17136.135696152778,38291.858777822876,2875.244476498117,0.0,1,0.7661972222222223,0.3713,1.3952,1.0239,0.3132920983382326
2025-09-25,72962.10998295611,72855.1199452332,198.70388055555577,73053.82382578874,45560.71450906506,360.14002832660674,760.5644242708338,46681.4189616625,21670.9529438443,17553.471884513885,39224.424828358184,616.5350650548635,723.5251027777774,1,0.7661972222222223,0.3713,1.3952,1.0239,0.3132920983382326
2025-09-26,80049.91522695473,75032.93533732853,0.0,75032.93533732853,50422.64914901226,-1730.6912256270523,0.0,48691.957923385206,22067.92171093964,17875.016585861114,39942.938296800756,0.0,5016.979889626205,0,0.7661972222222223,0.3713,1.3952,1.0239,0.3132920983382326
2025-09-27,67167.11584751372,71238.19442986556,0.0,71238.19442986556,42251.45569430336,4102.4260998937425,0.0,46353.88179419711,22459.73010631001,18192.381386111112,40652.11149242112,5036.187559375163,965.1089770233225,0,0.7661972222222223,0.3713,1.3952,1.0239,0.3132920983382326
2025-09-28,70742.40748175583,72966.73668200069,291.9763972222221,73258.71307922291,44165.92420852315,3359.6086043247874,1217.4269702006936,48742.95978304863,21492.46103355624,17408.89343718055,38901.35447073679,4765.487552452506,2541.158352207648,1,0.7661972222222223,0.3713,1.3952,1.0239,0.3132920983382326
2025-09-29,73852.69401249998,68258.76271850137,1283.589291666666,69542.35201016803,46435.24794894083,-1782.6545901460788,4864.174647371525,49516.768006166276,21594.53965877915,17491.57712361111,39086.116782390265,35.8169912208586,5629.7482852194735,1,0.7661972222222223,0.3713,1.3952,1.0239,0.3132920983382326
2025-09-30,72559.06558161866,72840.30940436866,799.3057155178294,73639.61511988648,45969.725125593766,489.7870178935226,3410.487187682897,49869.999331170184,22720.762447908088,18403.817582805554,41124.58003071364,495.5193824722205,214.27555972222217,1,0.7661972222222223,0.3713,1.3952,1.0239,0.3132920983382326
2025-10-01,70018.54544648492,65519.23696376046,34.82689583333308,65554.06385959379,43496.33199262186,-1144.3387143684774,84.20584920833242,42436.19912746172,21659.95967249657,17544.567334722222,39204.52700721879,46.65055390277712,4545.959036627235,1,0.7661972222222223,0.3713,1.3952,1.0239,0.3132920983382326
2025-10-02,75327.24859103377,66070.65006126542,120.11445694444444,66190.76451820986,47214.67409774869,-3029.7602948818244,313.4191485152777,44498.332951382145,21364.11459876543,17304.932825,38669.04742376543,0.0,9256.598529768346,1,0.7661972222222223,0.3713,1.3952,1.0239,0.3132920983382326
2025-10-03,67089.60294969135,63611.25542833231,0.0,63611.25542833231,41564.99674739699,-694.6609564524281,0.0,40870.33579094456,21385.636029526744,17322.36518391667,38708.001213443415,184.91699937139882,3663.264520730445,0,0.7661972222222223,0.3713,1.3952,1.0239,0.3132920983382326
2025-10-04,78997.03989497221,67950.12676003086,0.0,67950.12676003086,49451.89352420144,-3486.6066093392965,0.0,45965.28691486215,21442.94649475308,17368.78666075,38811.73315550308,0.0,11046.913134941358,0,0.7661972222222223,0.3713,1.3952,1.0239,0.3132920983382326
2025-10-05,73910.58410149177,65858.98471215792,249.94742222222234,66108.93213438014,45859.34484456605,-2258.6669848363063,711.1906295881954,44311.86848931793,21459.0784326989,17381.85353048611,38840.93196318501,94.6759875694454,8146.275376903296,1,0.7661972222222223,0.3713,1.3952,1.0239,0.3132920983382326
2025-10-06,63058.58991558641,65393.79468481361,875.0270916666666,66268.82177648028,39800.87883414148,1720.8463509620735,2830.7006247576387,44352.42580986118,21431.942524125512,17359.873444541663,38791.81596866717,2552.025919347225,216.8211501200284,1,0.7661972222222223,0.3713,1.3952,1.0239,0.3132920983382326
2025-10-07,68564.35309492456,68748.80462105625,138.83459166666637,68887.63921272292,42341.499376636995,984.321405722972,429.3162824604156,43755.13706482038,21489.52583077846,17406.515922930557,38896.04175370902,995.4223296982204,810.9708035665351,1,0.7661972222222223,0.3713,1.3952,1.0239,0.3132920983382326
2025-10-08,67167.94525975651,66238.9186643004,332.655895833333,66571.57456013374,41757.44662105596,-241.01379717863932,1180.2394608729137,42696.67228475024,21384.36577265089,17321.33627584722,38705.70204849811,20.02212777777754,949.0487232338807,1,0.7661972222222223,0.3713,1.3952,1.0239,0.3132920983382326
2025-10-09,76282.0914427469,65271.420128034966,239.40217500000048,65510.82230303497,47686.041462367415,-3350.9010586747368,890.0325175819469,45225.17292127462,21446.24171332305,17371.455787791667,38817.697501114715,0.0,11010.671314711932,1,0.7661972222222223,0.3713,1.3952,1.0239,0.3132920983382326
2025-10-10,73725.97423203017,66684.55961728394,0.0,66684.55961728394,46220.93586099261,-2189.250620132189,0.0,44031.685240860425,21358.956671450615,17300.754903875,38659.711575325615,0.0,7041.414614746232,0,0.7661972222222223,0.3713,1.3952,1.0239,0.3132920983382326
2025-10-11,74283.36069008916,70346.96614667351,0.0,70346.96614667351,46352.754236111905,-819.3594213885503,0.0,45533.39481472335,21555.64051611797,17460.068818055555,39015.70933417352,336.0869819444442,4272.4815253600855,0,0.7661972222222223,0.3713,1.3952,1.0239,0.3132920983382326
2025-10-12,69008.84451586076,67567.76008103567,566.2813996111133,68134.04148064677,42634.20007394338,64.05339686227018,2283.023153386939,44981.276624192586,20183.703056035665,16348.799475388885,36532.50253142455,361.95198333333485,1803.0364181584346,1,0.7661972222222223,0.3713,1.3952,1.0239,0.3132920983382326
2025-10-13,70899.3176829218,65271.764050257196,907.955477777778,66179.71952803497,43954.330714701864,-1323.4416938887614,3234.598564715279,45865.48758552838,21392.980951646095,17328.314570833332,38721.29552247943,346.8330277777807,5974.386660442385,1,0.7661972222222223,0.3713,1.3952,1.0239,0.3132920983382326
2025-10-14,73707.53364384259,67800.55889878256,1232.9395236111127,69033.49842239368,46010.40682678416,-658.377642159146,4257.190543721532,49609.21972834654,21500.080125171462,17415.06490138889,38915.14502656035,1650.459920629278,7557.4346656892985,1,0.7661972222222223,0.3713,1.3952,1.0239,0.3132920983382326
2025-10-15,76603.47017069341,70621.90355886487,490.4005513888897,71112.30411025375,48028.085713116656,-1871.1861295345602,1319.3045240909742,47476.20410767307,21821.42145747599,17675.351380555556,39496.772838031546,159.459878960901,6141.026490789441,1,0.7661972222222223,0.3713,1.3952,1.0239,0.3132920983382326
2025-10-16,73141.4211151063,72575.91536411797,297.730563888888,72873.64592800687,45895.63503998361,27.934569456016618,994.9325158131918,46918.50212525282,22370.20638278463,18119.867170055557,40490.073552840186,256.9623188333322,822.4680698216758,1,0.7661972222222223,0.3713,1.3952,1.0239,0.3132920983382326
2025-10-17,63441.35521944444,69296.67865327501,0.0,69296.67865327501,39445.675156734156,5622.758575504778,0.0,45068.43373223893,21922.19915466392,17756.98131527778,39679.1804699417,5855.323433830584,0.0,0,0.7661972222222223,0.3713,1.3952,1.0239,0.3132920983382326
2025-10-18,75487.9934853443,71463.99799734703,0.0,71463.99799734703,47040.40958862687,-1209.6976164787702,0.0,45830.7119721481,21896.588357235938,17736.23656936111,39632.82492659705,238.7240999999998,4262.719587997257,0,0.7661972222222223,0.3713,1.3952,1.0239,0.3132920983382326
2025-10-19,73422.4164289952,71290.1850646605,649.4984138888879,71939.68347854938,46098.133679848965,-637.2256160815375,2472.2321737340208,47933.140237501444,21775.81753410494,17638.412202624997,39414.22973672993,0.0,2132.2313643347047,1,0.7661972222222223,0.3713,1.3952,1.0239,0.3132920983382326
2025-10-20,76393.89972846364,73859.75297098767,290.8590138888889,74150.61198487655,48152.41170099666,-899.1255961860372,1044.20472544375,48297.49083025437,22020.86046682099,17836.896978124998,39857.757444945986,0.0,2534.146757475991,1,0.7661972222222223,0.3713,1.3952,1.0239,0.3132920983382326
2025-10-21,75244.8259128659,74835.78052016444,494.8807111111115,75330.66123127555,46993.27125740692,-37.94848517416443,1759.3300245569465,48714.652796789705,22596.955281567214,18303.533778069446,40900.48905963666,391.47709303240543,800.5224857338819,1,0.7661972222222223,0.3713,1.3952,1.0239,0.3132920983382326
2025-10-22,73223.18882925241,73941.5248175583,324.07402499999966,74265.59884255829,45990.69631334061,760.7134019603247,949.4655196388883,47700.87523493982,22585.888592558298,18294.569759972223,40880.45835253052,1028.918039780521,310.5820514746249,1,0.7661972222222223,0.3713,1.3952,1.0239,0.3132920983382326
2025-10-23,83270.29602779492,71037.46483118998,502.29833472222344,71539.7631659122,52013.5753206239,-3499.1415057026447,1461.9825631951421,49976.416378116395,22112.35675341221,17911.008970263887,40023.36572367609,417.18269166666767,12650.013888271598,1,0.7661972222222223,0.3713,1.3952,1.0239,0.3132920983382326
2025-10-24,72108.74964855966,72086.81048734568,0.0,72086.81048734568,44840.90708930744,1180.6337844863401,0.0,46021.540873793776,22291.35469429012,18055.997302375,40347.35199666512,1603.4202445987657,1625.3594058127596,0,0.7661972222222223,0.3713,1.3952,1.0239,0.3132920983382326
2025-10-25,77184.8019526749,72987.17347740056,0.0,72987.17347740056,47816.804992435296,-1224.4454460023774,0.0,46592.35954643292,23256.63772740055,18837.876559194443,42094.51428659499,119.14907222222496,4316.777547496569,0,0.7661972222222223,0.3713,1.3952,1.0239,0.3132920983382326
2025-10-26,76064.79800788753,70656.47665742456,721.3836958333345,71377.8603532579,47147.88166944132,-1379.5745547524964,2191.2514151743108,47959.558529863134,22128.93097409122,17924.43408901389,40053.36506310511,532.0921999828543,5940.413550445821,1,0.7661972222222223,0.3713,1.3952,1.0239,0.3132920983382326
2025-10-27,69288.68067071331,72344.27884749658,303.288909722223,72647.5677572188,43026.19074379358,4039.90055753969,1143.5561295104208,48209.64743084369,22496.231894718792,18221.94783472222,40718.17972944101,5017.746360922489,1962.1481841392276,1,0.7661972222222223,0.3713,1.3952,1.0239,0.3132920983382326
2025-10-28,69685.54178106996,73001.07998837449,297.80096527777795,73298.88095365227,43383.970861871174,3439.876555602742,859.4270420958338,47683.27445956975,21973.306985596704,17798.378658333328,39771.68564393003,3643.771948799728,328.2337414952008,1,0.7661972222222223,0.3713,1.3952,1.0239,0.3132920983382326
2025-10-29,78236.79381319975,77618.85022789454,257.7761444444441,77876.62637233899,48474.15339527777,-146.01165964432772,899.7777876902775,49227.91952332372,23661.260550394378,19165.621045819447,42826.881596213825,49.34156527777918,667.2851505829886,1,0.7661972222222223,0.3713,1.3952,1.0239,0.3132920983382326
2025-10-30,69318.6756630144,71306.06834003805,711.3612537916731,72017.42959382973,42967.450364685756,2215.5712522214735,2733.472007107205,47916.49362401444,22149.46772186213,17941.06885470833,40090.53657657046,2009.5332700792155,22.14059305555901,1,0.7661972222222223,0.3713,1.3952,1.0239,0.3132920983382326
2025-10-31,78717.77101806874,76634.71742518467,0.0,76634.71742518467,48986.0106727722,-767.7696832407377,0.0,48218.24098953146,22921.61653605967,18566.509394208333,41488.125930268005,0.0,2083.0535928840836,0,0.7661972222222223,0.3713,1.3952,1.0239,0.3132920983382326
2025-11-01,74055.10197463991,74548.96895192045,0.0,74548.96895192045,45785.979125002035,485.9569804930669,0.0,46271.9361054951,23225.67529775377,18812.796991180556,42038.472288934325,750.9936008916327,257.1266236111112,0,0.7661972222222223,0.3713,1.3952,1.0239,0.3132920983382326
2025-11-02,74688.94105090876,75917.50651815945,542.1524333333346,76459.65895149279,46479.89798194199,2622.553210335366,2006.8920072243113,51109.34319950167,23417.07773446502,18967.832964916666,42384.91069938168,3739.916075412549,2511.350608161867,1,0.7661972222222223,0.3713,1.3952,1.0239,0.3132920983382326
2025-11-03,79838.10024027777,76874.85405234326,392.0470999999993,77266.90115234326,49443.29967975819,-884.8359703493711,1230.1003421874975,49788.56405159632,22795.979303926608,18464.743236180555,41260.72254010716,133.20156843278585,3096.4477563672876,1,0.7661972222222223,0.3713,1.3952,1.0239,0.3132920983382326
2025-11-04,74352.97318331618,75338.35165227161,502.5518385833335,75840.90349085494,46106.339177147966,1359.4384723996009,1925.7307956576417,49391.50844520521,22867.248774382722,18522.47150725,41389.72028163272,1544.9348815240046,559.5564125685803,1,0.7661972222222223,0.3713,1.3952,1.0239,0.3132920983382326
2025-11-05,82807.02700504115,76744.69057664438,528.8527013888882,77273.54327803326,51662.388645551946,-2053.697291670373,2115.366310488887,51724.057664370455,23146.164706961586,18748.393412638885,41894.55811960047,15.32685277777773,6077.663281174554,1,0.7661972222222223,0.3713,1.3952,1.0239,0.3132920983382326
2025-11-06,77910.19591527776,78525.79757137841,636.8092347222223,79162.60680610064,48323.332364480826,1127.1685669958717,2525.850715377085,51976.351646853785,23036.620842781205,18659.662882652774,41696.28372543398,1099.8319452638907,484.23028916323705,1,0.7661972222222223,0.3713,1.3952,1.0239,0.3132920983382326
2025-11-07,75888.99206714678,77372.7607468949,0.0,77372.7607468949,47366.05470454313,2494.244462585244,0.0,49860.299167128374,22757.863289797668,18433.869264736113,41191.73255453378,3413.7998441171044,1930.0311643689981,0,0.7661972222222223,0.3713,1.3952,1.0239,0.3132920983382326
2025-11-08,79518.0526505,76755.81028372222,0.0,76755.81028372222,49678.44231140198,-949.5357358348682,0.0,48728.90657556711,23184.345088888884,18779.319521999998,41963.66461088888,107.5967962638855,2869.8391630416677,0,0.7661972222222223,0.3713,1.3952,1.0239,0.3132920983382326
2025-11-09,78747.07234502709,78666.63269641597,360.5969361111111,79027.22963252707,49069.96609065658,133.34310728020844,1368.2083153208341,50571.51751325762,23329.87266304869,18897.196857069437,42227.06952011812,179.9235958333336,260.3632444444447,1,0.7661972222222223,0.3713,1.3952,1.0239,0.3132920983382326
2025-11-10,79660.98380250257,81307.02537192404,624.7487791666664,81931.7741510907,49801.119460742906,1940.0512626214477,2349.892290595138,54091.063013959494,23935.39507774348,19387.670012972216,43323.065090715696,2597.486468222225,951.444898800757,1,0.7661972222222223,0.3713,1.3952,1.0239,0.3132920983382326
2025-11-11,82355.22549104938,79359.2496091075,322.6405055555556,79681.89011466305,51816.49291030853,-1060.776720577599,1044.239038443056,51799.95522817399,22715.482242541148,18399.540616458333,41115.02285899948,0.0,2995.9758819418753,1,0.7661972222222223,0.3713,1.3952,1.0239,0.3132920983382326
2025-11-12,78961.519765625,79190.86504847222,300.99421318055954,79491.85926165277,49249.00426688048,2183.8811852493423,1307.5655349120734,52740.4509870419,23183.042056944443,18778.264066124997,41961.306123069444,2789.1590133170394,2559.8137304698175,1,0.7661972222222223,0.3713,1.3952,1.0239,0.3132920983382326
2025-11-13,76791.92389807956,78634.87287129165,993.4314736111096,79628.30434490276,47985.216270411955,1972.8740976317424,3755.2437569242998,53713.334124967994,22306.04127638889,18067.893433875,40373.934710263886,1904.2390009898813,61.29002777777828,1,0.7661972222222223,0.3713,1.3952,1.0239,0.3132920983382326
2025-11-14,79256.84137487499,79200.78722477212,0.0,79200.78722477212,49219.58019352318,710.3771082242354,0.0,49929.95730174742,23665.01960406379,19168.665879291664,42833.68548335545,972.8710240054893,1028.9251741083685,0,0.7661972222222223,0.3713,1.3952,1.0239,0.3132920983382326
2025-11-15,85121.42777201645,80468.75953852726,0.0,80468.75953852726,53673.05146222282,-1648.20300857826,0.0,52024.84845364456,23174.749303652265,18771.546935958337,41946.2962396106,0.0,4652.668233489201,0,0.7661972222222223,0.3713,1.3952,1.0239,0.3132920983382326
2025-11-16,79375.3934209019,80977.9691892037,588.0003888888886,81565.96957809258,49513.97406378049,1977.7910120344634,2446.8675625388896,53938.63263835384,23648.973489814813,19155.66852675,42804.642016564816,1717.5054784869708,114.92971018518787,1,0.7661972222222223,0.3713,1.3952,1.0239,0.3132920983382326
2025-11-17,76187.11961599793,80691.75700182459,406.675524691358,81098.43252651594,47675.10714375322,4842.90286691042,1271.4691134054015,53789.47912406905,23343.830695113167,18908.502863041667,42252.33355815483,5221.219059077676,716.5816732510309,1,0.7661972222222223,0.3713,1.3952,1.0239,0.3132920983382326
2025-11-18,80669.96834705916,80128.84415439796,1126.490150000001,81255.33430439795,50413.440442043604,194.05705960946602,4234.672029304171,54842.169530957246,23974.902740106307,19419.67121948611,43394.57395959242,607.8801948388194,1149.0043875000015,1,0.7661972222222223,0.3713,1.3952,1.0239,0.3132920983382326
2025-11-19,80202.67355812361,83161.77604185407,488.07148194444494,83649.84752379851,50133.85769427282,3747.994065600725,1718.3784253902802,55600.23018526382,24242.120160562412,19636.117330055553,43878.23749061796,3896.3351654691346,937.2326817386847,1,0.7661972222222223,0.3713,1.3952,1.0239,0.3132920983382326
2025-11-20,80273.83280889077,81069.41686204578,626.0306791388907,81695.44754118467,50131.23786524579,923.4694866108678,2642.777824839357,53697.48517669602,23535.353769392997,19063.63655320833,42598.99032260133,813.1303017661155,17.54624861111131,1,0.7661972222222223,0.3713,1.3952,1.0239,0.3132920983382326
2025-11-21,80834.33584540276,82017.12234170336,0.0,82017.12234170336,50570.16898636399,1626.9709850528338,0.0,52197.13997141682,23554.72814653635,19079.329798694445,42634.057945230794,2126.145871780689,943.3593754801093,0,0.7661972222222223,0.3713,1.3952,1.0239,0.3132920983382326
2025-11-22,87710.76534444444,83184.19028979767,0.0,83184.19028979767,55579.626695137915,-1616.6019184969275,0.0,53963.02477664099,23440.976251714674,18987.190763888888,42428.16701560356,0.0,4526.575054646775,0,0.7661972222222223,0.3713,1.3952,1.0239,0.3132920983382326
2025-11-23,80585.05955673268,81441.37640150222,634.9262821666681,82076.30268366888,50539.959423967215,1475.7761577596564,2389.44997774659,54405.18555947346,23830.541807321668,19302.73886393055,43133.280671252214,1539.9243615390865,683.6075167695451,1,0.7661972222222223,0.3713,1.3952,1.0239,0.3132920983382326
2025-11-24,79888.16938489882,79865.8780501766,953.250269684496,80819.12831986109,50161.99792378685,46.18576117749985,3353.3334406499425,53561.517125614286,23385.346414094638,18942.130595416664,42327.477009511305,83.32688055555548,105.61821527777772,1,0.7661972222222223,0.3713,1.3952,1.0239,0.3132920983382326
2025-11-25,91466.43358256172,84042.66218132715,371.93859305555657,84414.6007743827,58275.36843433145,-2621.3480751388897,1277.0698094159766,56931.090168608534,23697.63404938271,19195.08358,42892.71762938271,0.0,7423.771401234571,1,0.7661972222222223,0.3713,1.3952,1.0239,0.3132920983382326
2025-11-26,86676.66298055556,85002.09853956755,402.99579027777713,85405.09432984533,54576.29759702236,-428.320407787963,1599.484242638886,55747.461431873286,24610.129162928664,19934.20462197222,44544.33378490088,145.336580805552,1819.9010217935556,1,0.7661972222222223,0.3713,1.3952,1.0239,0.3132920983382326
2025-11-27,84281.375946262,83939.62062959533,386.07130787500023,84325.69193747033,53029.83040152008,-104.86044839208314,1569.1441363768972,54494.11408950489,24333.257221262,19709.93834922222,44043.19557048422,22.25270694444464,364.00802361111096,1,0.7661972222222223,0.3713,1.3952,1.0239,0.3132920983382326
2025-11-28,84663.24141930726,83765.40982157065,0.0,83765.40982157065,53453.09156137864,-212.11233182463909,0.0,53240.979229554,23551.424996570648,19076.65424722222,42628.07924379287,255.75661562071662,1153.5882133573373,0,0.7661972222222223,0.3713,1.3952,1.0239,0.3132920983382326
2025-11-29,94444.94230841906,88251.93928787722,0.0,88251.93928787722,60169.46269602084,-2096.6686799977524,0.0,58072.79401602309,24671.68792259945,19984.067217305557,44655.755139905006,122.42591740397677,6315.428937945816,0,0.7661972222222223,0.3713,1.3952,1.0239,0.3132920983382326
2025-11-30,86559.99316279149,86749.34544260975,664.9602387222235,87414.30568133197,54414.21017555414,743.5378578260132,2963.8801257694804,58121.62815914963,24683.92277455418,19993.977447388887,44677.90022194307,812.1058623285318,622.7535825102871,1,0.7661972222222223,0.3713,1.3952,1.0239,0.3132920983382326
2025-12-01,89864.71242664609,85399.50119965707,6307.189290472219,91706.69049012929,57466.42242222058,-1673.4876821870575,22752.67165903565,78545.60639906918,24575.91586910151,19906.49185397222,44482.40772307373,0.0,4465.211226989027,1,0.7661972222222223,0.3713,1.3952,1.0239,0.3132920983382326
2025-12-02,93218.78246870713,89249.4358565972,4854.0469625,94103.4828190972,59387.602598935475,-1327.906665555588,17702.825165305556,75762.52109868545,24825.0658375,20108.303328375,44933.369165875,0.0,3969.3466121099145,1,0.7661972222222223,0.3713,1.3952,1.0239,0.3132920983382326
2025-12-03,83678.96835996228,87482.46844196226,5189.939216666666,92672.40765862893,52895.715485777924,3688.429856962771,18242.880077831942,74827.02542057264,24763.0176696845,20058.044312444446,44821.061982128944,3822.3360125555564,18.83593055555548,1,0.7661972222222223,0.3713,1.3952,1.0239,0.3132920983382326
2025-12-04,91779.68883888888,87695.31111699245,4777.444860458334,92472.75597745078,58859.59810440222,-1569.1994659368584,16922.452622054916,74212.85126052028,24786.075816992452,20076.721411763887,44862.79722875634,0.0,4084.377721896433,1,0.7661972222222223,0.3713,1.3952,1.0239,0.3132920983382326
2025-12-05,90445.29331735254,89594.84361749588,0.0,89594.84361749588,57813.91555035353,-282.32576994824205,0.0,57531.58978040529,24922.666079218103,20187.359524166663,45110.02560338477,32.80642161111223,883.2561214677665,0,0.7661972222222223,0.3713,1.3952,1.0239,0.3132920983382326
2025-12-06,92883.49848182441,91451.97637717763,0.0,91451.97637717763,59538.69843224318,-554.6733622680797,0.0,58984.025069975105,24889.583950788754,20160.563000138893,45050.14695092765,0.0,1431.5221046467766,0,0.7661972222222223,0.3713,1.3952,1.0239,0.3132920983382326
2025-12-07,94327.92524444443,88903.36738204543,4209.935665277778,93113.3030473232,60401.59176131958,-1704.1294648701582,13382.019855464585,72079.48215191401,25083.400833864882,20317.554675430558,45400.95550929544,147.30685205555707,5571.864714454563,1,0.7661972222222223,0.3713,1.3952,1.0239,0.3132920983382326
2025-12-08,94127.33868329904,92270.99249388889,2443.516126044925,94714.50861993381,60204.38575718721,-541.8370475628747,7661.7700578349795,67324.3187674593,24778.087590294923,20070.25094813889,44848.33853843382,74.14665590277605,1930.4928453129266,1,0.7661972222222223,0.3713,1.3952,1.0239,0.3132920983382326
2025-12-09,93598.82612498285,91315.99984127228,2353.4248597222218,93669.4247009945,59878.8381963468,-622.8385631136892,8137.548927097916,67393.54856033102,25500.38522599451,20655.312033055554,46155.697259050066,89.37681805555519,2372.2031017661175,1,0.7661972222222223,0.3713,1.3952,1.0239,0.3132920983382326
2025-12-10,90867.73434833676,91278.55834959721,3212.65995551389,94491.2183051111,57996.7405368601,539.8469029037472,11775.343121815258,70311.93056157911,25093.22843333333,20325.515030999995,45418.743464333325,1131.1095607777738,720.2855595173158,1,0.7661972222222223,0.3713,1.3952,1.0239,0.3132920983382326
2025-12-11,94955.62916093963,91741.88958705554,1171.8565949305566,92913.7461819861,60555.44133777956,-1152.4466304733792,4138.3812239117415,63541.37593121792,24847.731702777775,20126.66267925,44974.39438202778,0.47132733333592114,3214.210901217426,1,0.7661972222222223,0.3713,1.3952,1.0239,0.3132920983382326
2025-12-12,94265.87161805555,94996.50158848609,0.0,94996.50158848609,60109.23411262777,801.1899577397481,0.0,60910.42407036752,24983.258619444445,20236.43948175,45219.698101194444,951.1484551527781,220.51848472222218,0,0.7661972222222223,0.3713,1.3952,1.0239,0.3132920983382326
2025-12-13,95135.02718009257,94933.80273148147,2.8350000000000364,94936.63773148147,61058.70539936481,805.8820259275974,6.061230000000077,61870.6486552924,25108.52525720164,20337.905458333335,45446.430715534974,1099.5435162208555,1300.7679648319681,1,0.7661972222222223,0.3713,1.3952,1.0239,0.3132920983382326
2025-12-14,90453.87803609396,92224.53148909465,2459.2420800277782,94683.77356912242,57478.43945613332,1588.374755721288,10106.562114171626,69173.37632602622,25174.384091872427,20391.251114416667,45565.635206289095,1770.6534530006902,0.0,1,0.7661972222222223,0.3713,1.3952,1.0239,0.3132920983382326
2025-12-15,90719.85973942043,93659.85622189642,1785.0726309156378,95444.92885281205,57660.76008934255,2823.5719377699797,6783.614056247066,67267.9460833596,24945.505852194783,20205.859740277778,45151.36559247256,2939.9964824759945,0.0,1,0.7661972222222223,0.3713,1.3952,1.0239,0.3132920983382326
2025-12-16,96498.45389444444,94842.81096388889,962.5903125000004,95805.40127638889,62081.3907896436,-626.4367994922912,3037.2793025340297,64492.233292685334,25107.84808194444,20337.356946375003,45445.20502831944,0.0,1655.6429305555548,1,0.7661972222222223,0.3713,1.3952,1.0239,0.3132920983382326
2025-12-17,97384.57164322701,93805.50407229867,977.7056848333353,94783.209757132,62381.54273393348,-1247.3329283829744,3292.5094187141754,64426.71922426468,24761.494789540466,20056.81077952778,44818.305569068245,0.0,3579.0675709283264,1,0.7661972222222223,0.3713,1.3952,1.0239,0.3132920983382326
2025-12-18,92944.99198749999,93215.00767920833,1013.0877513888888,94228.09543059721,59541.60758862735,478.65141992093186,3251.4747337027766,63271.73374225106,24961.03418472222,20218.437689625,45179.47187434722,487.320272263893,217.3045805555557,1,0.7661972222222223,0.3713,1.3952,1.0239,0.3132920983382326
2025-12-19,93173.42832674895,94523.82928803154,0.0,94523.82928803154,59615.177061176146,1340.7638320530866,0.0,60955.940893229235,25457.56195330933,20620.625182180556,46078.18713548989,1637.0440167181177,286.643055435536,0,0.7661972222222223,0.3713,1.3952,1.0239,0.3132920983382326
2025-12-20,95854.90284583332,94734.53848136145,0.0,94734.53848136145,61734.409442932636,-456.3606668182656,0.0,61278.048776114374,25358.82211147119,20540.64591029167,45899.46802176286,0.0,1120.364364471879,0,0.7661972222222223,0.3713,1.3952,1.0239,0.3132920983382326
2025-12-21,95529.39926474623,94748.83430641289,1329.3861437499982,96078.22045016289,61023.24257756536,-22.257185122612725,4334.537858433325,65335.523250876075,25139.217361968447,20362.766063194445,45501.98342516289,351.1353574074111,1131.7003157407444,1,0.7661972222222223,0.3713,1.3952,1.0239,0.3132920983382326
2025-12-22,93619.77005795609,94128.46138612277,1226.7530989369013,95355.21448505967,60032.72023613579,463.53251415835456,4018.275288830253,64514.5280391244,25069.035545781895,20305.918792083336,45374.95433786523,579.8408989999997,71.14957083333366,1,0.7661972222222223,0.3713,1.3952,1.0239,0.3132920983382326
2025-12-23,96311.85487832647,94110.25282356257,712.9272041666652,94823.18002772924,61592.738280470876,-670.1203290604772,2525.5867204874958,63448.204671897896,25057.197029715364,20296.329594069448,45353.52662378481,45.532533333333504,2247.1345880972276,1,0.7661972222222223,0.3713,1.3952,1.0239,0.3132920983382326
2025-12-24,95536.47906244855,95065.06705034291,506.3747263888879,95571.44177673181,61462.33706084096,-183.29687483682986,1603.3857961368008,62882.42598214093,25460.46284339849,20622.974903152775,46083.437746551266,1.4672541666666348,472.8792662722892,1,0.7661972222222223,0.3713,1.3952,1.0239,0.3132920983382326
2025-12-25,92372.54421385459,93826.84356784978,1308.4871819444438,95135.33074979422,58728.87978898777,1497.3033212045561,4552.0490518152765,64778.232162007596,25147.699137294236,20369.636301208335,45517.335438502574,1494.9572928840862,40.657938888889134,1,0.7661972222222223,0.3713,1.3952,1.0239,0.3132920983382326
2025-12-26,94895.77140917353,95108.1622347908,0.0,95108.1622347908,60634.179858968,600.6782684765267,0.0,61234.858127444524,25468.276693089847,20629.304121402776,46097.58081449263,476.91619583333267,264.52537021604974,0,0.7661972222222223,0.3713,1.3952,1.0239,0.3132920983382326
2025-12-27,96558.14639722221,96186.64385984722,0.0,96186.64385984722,61829.45139790639,229.4792362684601,0.0,62058.93063417485,25620.300043055555,20752.443034875003,46372.74307793056,339.5683555555548,711.0708929305556,0,0.7661972222222223,0.3713,1.3952,1.0239,0.3132920983382326
2025-12-28,95441.35153187584,94250.76700404665,469.11831111111127,94719.88531515776,61051.84257316583,-459.51810886485833,1715.8913113833346,62308.2157756843,24934.10262177641,20196.623123638885,45130.72574541529,0.0,1190.5845278292131,1,0.7661972222222223,0.3713,1.3952,1.0239,0.3132920983382326
2025-12-29,94415.484875,95358.65813103583,452.5403597222225,95811.19849075805,59955.23464859555,1052.7192262506887,1708.3528185152784,62716.30669336151,25268.58120713305,20467.550777777782,45736.13198491083,1091.756087980271,148.58283194444437,1,0.7661972222222223,0.3713,1.3952,1.0239,0.3132920983382326
2025-12-30,95668.25442974965,93228.13681840277,720.0535868749978,93948.19040527777,61080.631030909506,-711.4270776495529,2841.32368153652,63210.52763479647,24921.05211111111,20186.05221,45107.10432111111,138.87185720833344,2578.989468555218,1,0.7661972222222223,0.3713,1.3952,1.0239,0.3132920983382326
2025-12-31,97742.0858699417,96687.71820466392,522.2877667695477,97210.00597143346,62406.21958317963,-247.1979825071531,1743.7312085657422,63902.75280923821,25310.279266392317,20501.326205777776,45811.60547217009,0.0,1054.3676652777795,1,0.7661972222222223,0.3713,1.3952,1.0239,0.3132920983382326
