method,experiment,soc_policy,terminal_mode,initial_soc_policy,initial_soc_first_day,final_soc_last_day,mean_daily_start_soc,mean_daily_end_soc,min_soc,max_soc,mean_soc,terminal_soc_mean,terminal_soc_median,terminal_soc_min,terminal_soc_max,terminal_soc_p05,terminal_soc_p95,days_terminal_soc_near_min,days_terminal_soc_near_max,soc_start_end_delta_mean,soc_continuity_max_error,charge_kwh,discharge_kwh,throughput_kwh,emergency_days,emergency_slots,raw_total_cost,total_cost,daily_cost_p95,days_end_near_min,days_end_near_max,salvage_low_yuan_per_kwh,terminal_energy_adjusted_cost_low,salvage_mean_yuan_per_kwh,terminal_energy_adjusted_cost_mean,salvage_high_yuan_per_kwh,terminal_energy_adjusted_cost_high,terminal_energy_adjusted_cost,emergency_kwh,risk_weight,risk_alpha,provenance,mean_terminal_soc,min_terminal_soc,max_terminal_soc,days_near_soc_min,days_near_soc_max
DET,legacy_daily_closed,daily_closed,daily_reference,feb1_control_start,6000.0,6000.0,6000.0,6000.0,1200.0,10800.0,6848.21410660632,6000.0,6000.0,6000.0,6000.0,6000.0,6000.0,0,0,0.0,0.0,6531866.844688942,5290812.144198043,11822678.988886986,287,30941,25136685.52428859,25136685.52428859,134368.57819549958,0,0,0.33417,25136685.52428859,0.6895775000000001,25136685.52428859,1.2556800000000001,25136685.52428859,25136685.52428859,3265026.795202688,0.0,0.95,reconstructed; no original benchmark available,6000.0,6000.0,6000.0,0,0
Q80,legacy_daily_closed,daily_closed,daily_reference,feb1_control_start,6000.0,6000.0,6000.0,6000.0,1200.0,10800.0,7417.7198133096845,6000.0,6000.0,6000.0,6000.0,6000.0,6000.0,0,0,0.0,0.0,7400540.417622633,5994437.738274333,13394978.155896965,249,11455,17735841.89699201,17735841.89699201,74303.81499522398,0,0,0.33417,17735841.89699201,0.6895775000000001,17735841.89699201,1.2556800000000001,17735841.89699201,17735841.89699201,537269.0651166666,0.0,0.95,reconstructed; no original benchmark available,6000.0,6000.0,6000.0,0,0
SAA,legacy_daily_closed,daily_closed,daily_reference,feb1_control_start,6000.0,6000.0,6000.0,6000.0,1200.0,10800.0,7417.12564744635,6000.0,6000.0,6000.0,6000.0,6000.0,6000.0,0,0,0.0,0.0,7484428.163666049,6062386.8125695,13546814.97623555,249,10800,17609791.686546136,17609791.686546136,73752.00880391273,0,0,0.33417,17609791.686546136,0.6895775000000001,17609791.686546136,1.2556800000000001,17609791.686546136,17609791.686546136,477446.05741713784,0.0,0.95,reconstructed; no original benchmark available,6000.0,6000.0,6000.0,0,0
CVaR-SAA,legacy_daily_closed,daily_closed,daily_reference,feb1_control_start,6000.0,6000.0,6000.0,6000.0,1200.0,10800.0,7437.259294542905,6000.0,6000.0,6000.0,6000.0,6000.0,6000.0,0,0,0.0,0.0,7562535.167752784,6125653.485879755,13688188.653632538,248,8876,17491681.52986509,17491681.52986509,66801.12540953707,0,0,0.33417,17491681.52986509,0.6895775000000001,17491681.52986509,1.2556800000000001,17491681.52986509,17491681.52986509,324133.1307407732,0.1,0.95,reconstructed; no original benchmark available,6000.0,6000.0,6000.0,0,0
SAA-MPC,legacy_daily_closed,daily_closed,daily_reference,feb1_control_start,6000.0,6000.0,6000.0,6000.0,1200.0,10800.0,7424.4872044713375,6000.0,6000.0,6000.0,6000.0,6000.0,6000.0,0,0,0.0,0.0,7378846.080187424,5976865.324951814,13355711.405139238,243,9313,17020306.64654084,17020306.64654084,67679.28835728469,0,0,0.33417,17020306.64654084,0.6895775000000001,17020306.64654084,1.2556800000000001,17020306.64654084,17020306.64654084,282085.63826788275,0.0,0.95,reconstructed; no original benchmark available,6000.0,6000.0,6000.0,0,0
DET,continuous_soc,continuous_lookahead,free,feb1_control_start,6000.0,8550.0,7770.70720071886,7778.341931257782,1199.999999999999,10800.0,6941.280364947152,7778.341931257782,8464.400239950619,5033.114927160494,8550.0,5608.714993318517,8550.0,0,0,7.634730538922156,0.0,6534024.0757562,5290264.501362522,11824288.57711872,287,30888,25266719.437036697,25266719.437036697,136741.33388075512,0,0,0.33417,25265867.3035367,0.6895775000000001,25264961.014411695,1.2556800000000001,25263517.453036696,25264961.014411695,3297948.9109055554,0.0,0.95,reconstructed; no original benchmark available,7778.341931257782,5033.114927160494,8550.0,0,0
Q80,continuous_soc,continuous_lookahead,free,feb1_control_start,6000.0,8550.0,8542.365269461077,8550.0,1200.0,10800.0,7583.006914173266,8550.0,8550.0,8550.0,8550.0,8550.0,8550.0,0,0,7.634730538922156,0.0,7400111.394460617,5991795.229513099,13391906.623973716,249,11555,17844768.27328283,17844768.27328283,77163.19469715082,0,0,0.33417,17843916.13978283,0.6895775000000001,17843009.85065783,1.2556800000000001,17841566.28928283,17843009.85065783,567299.7661599998,0.0,0.95,reconstructed; no original benchmark available,8550.0,8550.0,8550.0,0,0
SAA,continuous_soc,continuous_lookahead,free,feb1_control_start,6000.0,8550.0,8542.365269461077,8550.0,1200.0,10800.0,7581.674864604341,8550.0,8550.0,8550.0,8550.0,8550.0,8550.0,0,0,7.634730538922156,0.0,7484922.526163374,6060492.246192333,13545414.772355707,249,11138,17719866.94791666,17719866.94791666,75651.64403114704,0,0,0.33417,17719014.81441666,0.6895775000000001,17718108.52529166,1.2556800000000001,17716664.96391666,17718108.52529166,516941.1897118333,0.0,0.95,reconstructed; no original benchmark available,8550.0,8550.0,8550.0,0,0
CVaR-SAA,continuous_soc,continuous_lookahead,free,feb1_control_start,6000.0,8550.0,8542.365269461077,8550.0,1200.0,10800.0,7597.992009542003,8550.0,8550.0,8550.0,8550.0,8550.0,8550.0,0,0,7.634730538922156,0.0,7556432.330026467,6118415.187321438,13674847.517347906,247,9288,17586905.117640756,17586905.117640756,68303.41650843491,0,0,0.33417,17586052.984140757,0.6895775000000001,17585146.695015755,1.2556800000000001,17583703.133640755,17585146.695015755,368230.5009853745,0.1,0.95,reconstructed; no original benchmark available,8550.0,8550.0,8550.0,0,0
SAA-MPC,continuous_soc,continuous_lookahead,free,feb1_control_start,6000.0,1200.0,1214.37125748503,1200.0,1200.0,10800.0,6733.166165552825,1200.0,1200.0,1200.0,1200.0,1200.0,1200.0,334,0,-14.37125748502994,0.0,7370667.540750617,5974560.708008,13345228.248758618,243,9581,17089614.357292805,17089614.357292805,68912.37030915597,334,0,0.33417,17091218.373292804,0.6895775000000001,17092924.329292804,1.2556800000000001,17095641.621292803,17092924.329292804,301533.0658616755,0.0,0.95,reconstructed; no original benchmark available,1200.0,1200.0,1200.0,334,0
