date,planned_grid_total,emergency_total,total_grid_purchase,planned_cost,emergency_cost,total_cost,surplus_kwh
2025-02-01,96653.21573600822,0.0,96653.21573600822,61767.8950315486,0.0,61767.8950315486,60852.7394563786
2025-02-02,96156.97111049382,13.37651666666659,96170.34762716049,61421.84726548104,83.81870001666618,61505.665965497705,13883.67445596707
2025-02-03,95684.23306707817,15.482799999999884,95699.71586707816,61065.5480039367,33.452585399999755,61099.000589336705,11565.357966666666
2025-02-04,95690.68906707817,59.50308333333339,95750.1921504115,61068.33829887003,154.59373400000035,61222.932032870034,10417.17744012345
2025-02-05,95703.1811004115,10.173350000000028,95713.3544504115,61077.13889903003,45.95532287500053,61123.094221905034,10854.887413991764
2025-02-06,95327.04245185184,1.2416666666665606,95328.28411851851,60792.32978857352,2.660270833333106,60794.99005940685,11013.728558847732
2025-02-07,95017.54570185184,0.0,95017.54570185184,60552.29544873684,0.0,60552.29544873684,61639.00686625513
2025-02-08,94522.57664115226,0.0,94522.57664115226,60175.93495132911,0.0,60175.93495132911,61545.21698971192
2025-02-09,94087.78614958847,0.0,94087.78614958847,59853.19655268662,0.0,59853.19655268662,10466.172340534975
2025-02-10,93626.70222304526,6.033833333333291,93632.73605637859,59540.1523970473,38.86090358333306,59579.013300630635,15651.646784567893
2025-02-11,93642.42088971194,0.0,93642.42088971194,59554.61683291397,0.0,59554.61683291397,14586.636972222215
2025-02-12,93638.31088971192,0.0,93638.31088971192,59552.99950941397,0.0,59552.99950941397,14580.765138477356
2025-02-13,93029.89110205759,13.575616666666633,93043.46671872426,59074.2387169502,29.063403083333263,59103.302120033535,18293.768650823044
2025-02-14,92706.25444876542,0.0,92706.25444876542,58839.462547793206,0.0,58839.462547793206,61547.426789711935
2025-02-15,92074.82079999999,0.0,92074.82079999999,58359.109187158334,0.0,58359.109187158334,61432.38787654321
2025-02-16,91402.78283333333,31.468133333333185,91434.25096666666,57838.79427015833,101.71391851666597,57940.508188675,12252.393918518517
2025-02-17,90473.85093333332,47.10466666666662,90520.95559999999,57124.26235947833,180.55707487499916,57304.819434353325,15943.809869753086
2025-02-18,90513.33103333334,9.864866666666558,90523.1959,57156.68990087,61.763930199999315,57218.45383107,14931.8112281893
2025-02-19,90518.67093333334,78.50241666666648,90597.17335000001,57163.595087568334,169.03852600833295,57332.63361357667,13971.709762551438
2025-02-20,89829.58859999999,64.78703333333351,89894.37563333331,56642.971880255,315.61974039999996,56958.591620654995,15366.198240946498
2025-02-21,88935.92438045268,0.0,88935.92438045268,55992.13640201148,0.0,55992.13640201148,62024.97724650205
2025-02-22,88494.81301872428,0.0,88494.81301872428,55663.607694702034,0.0,55663.607694702034,59246.98734382716
2025-02-23,87452.55519958847,68.40233333333379,87520.9575329218,54868.66912549592,149.15308338333432,55017.82220887925,12274.098215020573
2025-02-24,86608.60791810698,50.66810000000032,86659.27601810698,54256.42418483924,226.02858421666815,54482.45276905591,15048.458338065833
2025-02-25,86645.18386810698,51.747767283950566,86696.93163539092,54289.061239237584,119.70712496080223,54408.76836419839,17629.14678641974
2025-02-26,86667.06093477365,37.738950000000045,86704.79988477365,54308.76912856592,144.43046260000003,54453.19959116592,14515.742023456783
2025-02-27,85880.65968065843,61.565749999999866,85942.22543065842,53729.84352315351,371.62611424999943,54101.46963740351,15295.706221193412
2025-02-28,85236.06511954733,0.0,85236.06511954733,53302.87593196018,0.0,53302.87593196018,60512.100810905344
2025-03-01,84118.42793353909,0.0,84118.42793353909,52514.5530062187,0.0,52514.5530062187,58967.75702263374
2025-03-02,83323.02247530864,1531.4538432098768,84854.47631851851,51957.22010986357,5403.4205914237655,57360.64070128734,8576.92362160493
2025-03-03,82631.04945761318,138.51653333333218,82769.5659909465,51489.86623930275,426.24568309166136,51916.11192239441,6670.487626954735
2025-03-04,82790.65269588477,124.65826666666658,82915.31096255143,51608.460580346706,266.1771436749998,51874.637724021704,9989.745331069957
2025-03-05,82840.94879588476,43.29756666666678,82884.24636255142,51647.52199369337,108.34002580000009,51755.86201949337,13288.049125720161
2025-03-06,82228.74032777776,136.2120333333337,82364.95236111109,51201.25957647388,491.0767992666682,51692.336375740546,13022.726011111108
2025-03-07,81422.11849290122,0.0,81422.11849290122,50638.05493399181,0.0,50638.05493399181,59101.66445853909
2025-03-08,80513.91427710699,0.0,80513.91427710699,49980.18627145425,0.0,49980.18627145425,60009.77005390946
2025-03-09,79813.498549,83.54040000000009,79897.038949,49458.52112995919,511.1614640000009,49969.682593959194,13051.244605584357
2025-03-10,78998.32550649998,496.9180185185179,79495.24352501851,48886.308570856025,1121.6878100592578,50007.99638091528,7708.519811522625
2025-03-11,79223.71904816666,83.15189999999961,79306.87094816666,49000.341869006035,184.81409165833182,49185.155960664364,11963.138515432096
2025-03-12,79253.66001483332,173.86610000000064,79427.52611483332,49015.379603721034,481.97321220000265,49497.35281592104,13637.845239506176
2025-03-13,78456.49393416666,372.82443333333265,78829.31836749999,48425.7344210315,1474.332709874993,49900.06713090649,7496.384363991766
2025-03-14,78183.01664433333,0.0,78183.01664433333,48175.26979713213,0.0,48175.26979713213,60549.18128312757
2025-03-15,77517.06644183333,9.053333333333399,77526.11977516666,47697.61567182085,19.356026666666803,47716.97169848752,54973.693651709866
2025-03-16,76964.134511,115.93041666666636,77080.06492766667,47260.21496495443,465.598698074999,47725.81366302943,10180.128865843624
2025-03-17,76574.1944425,60.27814999999987,76634.4725925,46976.850933400914,170.72300980833288,47147.573943209245,15475.981686625513
2025-03-18,76606.50374249999,81.03978133333305,76687.54352383333,46996.20210130758,235.68788619366558,47231.88998750124,11843.47999876543
2025-03-19,76627.2480425,41.35934999999995,76668.6073925,47007.587442342585,98.73683899166599,47106.32428133425,13520.941538271603
2025-03-20,76168.54896666665,121.91285000000119,76290.46181666666,46674.54489863833,471.94649200000856,47146.49139063834,10409.812289506166
2025-03-21,75815.07044135801,0.0,75815.07044135801,46441.604003953384,0.0,46441.604003953384,62059.091093827155
2025-03-22,75099.75872695472,9.078333333333376,75108.83706028806,45960.19100168183,19.409476666666755,45979.6004783485,57574.51813127572
2025-03-23,74302.08422962963,95.60838333333322,74397.69261296297,45361.90326150907,333.76177184166625,45695.665033350735,11950.253591563785
2025-03-24,73582.44741460905,177.21718333333342,73759.66459794238,44900.766461101375,443.9909423416666,45344.75740344304,12101.060925720161
2025-03-25,73615.16813127571,150.45830833333298,73765.62643960904,44915.971826428045,319.6228030999992,45235.594629528045,9016.929340329218
2025-03-26,73856.0850845679,103.38581666666619,73959.47090123456,45071.071419032654,223.81177389999903,45294.883192932655,14796.708825308644
2025-03-27,73039.61354362138,191.73371666666662,73231.34726028805,44541.399220513864,413.0929557083333,44954.4921762222,10921.661731069958
2025-03-28,72674.99405596706,0.0,72674.99405596706,44297.860221132214,0.0,44297.860221132214,60189.46350390946
2025-03-29,72188.71290020575,0.0,72188.71290020575,43939.06594072582,0.0,43939.06594072582,62842.44287530863
2025-03-30,71628.96600308642,294.1954833333333,71923.16148641975,43574.537849224114,797.8496246333336,44372.387473857445,13079.260750411526
2025-03-31,71166.62945349794,89.75731666666672,71256.38677016461,43198.470799934854,192.51823993333352,43390.98903986819,10959.842368312757
2025-04-01,71215.37198683128,239.59941666666643,71454.97140349794,43223.81817249652,513.6009465999995,43737.419119096514,7828.660323662548
2025-04-02,71487.36750349792,232.46661666666645,71719.8341201646,43365.15255483819,519.0673760249992,43884.21993086319,7401.641174485595
2025-04-03,70798.73702016461,250.78086666666684,71049.51788683128,42885.343837799854,537.7038703500003,43423.047708149854,11548.367320164609
2025-04-04,70171.23123065842,0.0,70171.23123065842,42437.12617787623,0.0,42437.12617787623,62094.183242181076
2025-04-05,69415.6978855967,0.0,69415.6978855967,41913.54640709549,0.0,41913.54640709549,55718.5479946502
2025-04-06,68911.82726666666,123.01068333333319,69034.83794999999,41564.87677588333,266.94573196666636,41831.822507849996,11061.862210288065
2025-04-07,68371.17953580245,145.38982766666743,68516.56936346913,41206.468219989634,313.484964203335,41519.95318419297,11890.419601646092
2025-04-08,68426.61895246913,140.3979666666662,68567.0169191358,41235.96352927129,356.4659694916649,41592.429498762955,10545.780870987659
2025-04-09,68472.39738580247,331.1515333333323,68803.5489191358,41268.39151220629,820.4403555833309,42088.831867789624,6021.612049999993
2025-04-10,68104.99073271605,153.52911666666682,68258.51984938272,40979.56839531593,370.5996681083343,41350.168063424266,10155.128729012351
2025-04-11,67664.91667201646,0.0,67664.91667201646,40678.12460417753,0.0,40678.12460417753,60640.400525925914
2025-04-12,67098.5726419753,0.0,67098.5726419753,40312.060408537036,0.0,40312.060408537036,56493.10864876543
2025-04-13,66781.8554201646,103.72914999999989,66885.5845701646,40070.0770338703,224.96349014166643,40295.040524011965,9018.974252880656
2025-04-14,66157.80390843621,294.517183333333,66452.32109176954,39654.26432842123,875.6696855166658,40529.9340139379,10401.173336213986
2025-04-15,66222.97120843621,41.276950000000625,66264.24815843621,39695.487652892894,88.687498266668,39784.175151159565,12761.087641358015
2025-04-16,66287.14417510288,413.55380000000014,66700.69797510287,39747.867309334564,1082.0293367583336,40829.8966460929,7427.952530041142
2025-04-17,65753.03195781892,71.31751666666662,65824.34947448559,39330.56046963215,154.10577127499988,39484.66624090715,9434.940549588475
2025-04-18,65555.95060781893,0.0,65555.95060781893,39158.51449318549,0.0,39158.51449318549,57594.78702386831
2025-04-19,65174.552719341555,0.0,65174.552719341555,38888.474705693756,0.0,38888.474705693756,56785.135361522625
2025-04-20,64813.77932757202,104.41098333333343,64918.19031090535,38618.085192230865,238.69660537499993,38856.781797605865,9356.45565144033
2025-04-21,64115.25208683127,284.1839000000001,64399.435986831275,38161.86948912364,651.3757448333339,38813.24523395697,12453.674172016461
2025-04-22,64153.195070164606,251.22041666666695,64404.41548683127,38195.12320863364,685.7949725166674,38880.91818115031,8767.80533230453
2025-04-23,64277.270640123446,238.60635000000076,64515.87699012345,38264.13002528814,662.6939786500016,38926.82400393814,9714.213913580246
2025-04-24,64010.67987345677,98.85548333333361,64109.535356790104,38078.93527305148,292.7486918000005,38371.68396485148,13610.830760082303
2025-04-25,63678.57146090534,0.0,63678.57146090534,37821.65979001587,0.0,37821.65979001587,60110.23761069959
2025-04-26,63146.117623251026,0.0,63146.117623251026,37482.12778141068,0.0,37482.12778141068,61541.169367901224
2025-04-27,62889.35815658436,231.65894999999955,63121.01710658436,37287.41998712901,526.854719649999,37814.27470677901,10973.981011316871
2025-04-28,62400.963345061726,821.5312915637866,63222.49463662551,36946.81701006573,1995.6738779938296,38942.49088805956,2870.6776695473286
2025-04-29,62800.11379320987,103.54226666666591,62903.656059876535,37152.206639051845,396.0170865083313,37548.22372556018,12224.909573456793
2025-04-30,62839.534993209876,244.80335000000105,63084.33834320988,37185.114352628516,536.1629106916696,37721.27726332018,11496.234841152267
2025-05-01,62780.38379609052,2240.6912333333344,65021.07502942385,37131.93212890808,10328.165992491673,47460.09812139976,10360.091225925928
2025-05-02,62596.189169958845,0.0,62596.189169958845,37038.4150708032,0.0,37038.4150708032,46509.30796399176
2025-05-03,61972.62682777777,18.39166666666665,61991.01849444444,36664.150141206104,39.3213833333333,36703.47152453944,51344.66953333332
2025-05-04,61312.46109897119,2038.8786499999999,63351.339748971186,36327.38283387932,9176.223702983332,45503.60653686265,8364.119294444445
2025-05-05,61128.13975987655,1975.8467333333347,63103.98649320988,36216.631104598884,8643.39154229167,44860.02264689055,4195.820543415642
2025-05-06,61553.25627983539,1963.9380333333345,63517.19431316872,36494.9002140197,8246.299831875003,44741.2000458947,6882.376360905353
2025-05-07,61750.52990946501,2010.8286000000007,63761.35850946501,36661.27015286524,9218.682398300005,45879.95255116525,5021.610418724276
2025-05-08,61734.538320987645,2361.2364230452686,64095.77474403291,36730.650339623884,9654.436631141058,46385.08697076494,4682.179659259262
2025-05-09,61981.51639279835,0.0,61981.51639279835,36930.97019083765,0.0,36930.97019083765,51763.52171707818
2025-05-10,61711.36579238683,0.0,61711.36579238683,36762.94240971068,0.0,36762.94240971068,47935.77779897119
2025-05-11,60927.1687765432,1647.3102519053516,62574.47902844855,36332.50509609907,7324.237973529994,43656.74306962906,3581.3246825102897
2025-05-12,61084.88854506172,943.4898166666637,62028.378361728384,36544.0887618366,3495.279394983316,40039.36815681992,6982.928755349792
2025-05-13,61547.220361728396,469.04579032921765,62016.266152057615,36845.42251500994,2294.6107698207816,39140.033284830715,5389.526555555553
2025-05-14,61691.6428617284,528.4473833333343,62220.09024506173,36976.93608269494,1727.9144305833383,38704.85051327828,5768.968116666665
2025-05-15,61730.25729403291,478.6385409465039,62208.89583497942,37025.26981763765,1611.0140837804583,38636.28390141811,5952.478946707819
2025-05-16,61800.13007613168,0.0,61800.13007613168,37097.69609598252,0.0,37097.69609598252,57570.33307798354
2025-05-17,61645.91496563785,3.5616666666666106,61649.47663230452,37005.6234548229,7.614843333333213,37013.23829815623,49637.69380596707
2025-05-18,61196.678784362135,1116.6921333333328,62313.370917695465,36769.29415529327,2526.8988256999983,39296.19298099326,5123.304747325102
2025-05-19,61069.001780452665,286.8237478333335,61355.825528286,36652.3075014879,1340.5697012399992,37992.8772027279,10534.230854320984
2025-05-20,61127.866597119326,1215.8403483539198,62343.70694547325,36688.8959245779,4775.025801459612,41463.92172603751,4449.979696913581
2025-05-21,61431.210994032925,757.4603500000044,62188.671344032926,36893.43561690253,2389.8171065500183,39283.25272345255,7638.279616049386
2025-05-22,61420.89154423868,158.89180000000022,61579.78334423868,36902.29958369117,663.252846850001,37565.552430541175,7478.7886407407395
2025-05-23,61389.00309012345,0.0,61389.00309012345,36898.87195785265,0.0,36898.87195785265,53441.23084156378
2025-05-24,61156.502538683126,0.0,61156.502538683126,36777.25450341494,0.0,36777.25450341494,55879.94355699588
2025-05-25,60969.45221995885,172.69988333333322,61142.15210329218,36693.026722372335,546.3599513166669,37239.386673689005,9407.566577983536
2025-05-26,60965.42703847736,951.9375923868308,61917.36463086419,36705.806449619005,2267.9758571453694,38973.78230676438,3848.6376808641994
2025-05-27,61303.98067510288,421.83858333333154,61725.81925843621,36872.08766486216,1491.223718099988,38363.31138296215,9098.12920987654
2025-05-28,61403.22515843621,205.06702433333072,61608.29218276954,36953.186242588825,535.6439746616487,37488.83021725047,5890.418517901231
2025-05-29,61675.58447633744,456.6183152263384,62132.20279156378,37078.15317128271,1284.0184668956758,38362.17163817839,4430.558945679015
2025-05-30,61375.57880658436,0.0,61375.57880658436,36960.34710429932,0.0,36960.34710429932,53240.09196028806
2025-05-31,61270.78827325103,92.18666666666661,61362.9749399177,36885.92884729432,197.0950933333332,37083.02394062765,51391.20620144032
2025-06-01,61187.89729650206,14377.510789506177,75565.40808600823,36848.39494348562,47202.612661588384,84051.007605074,154.20910000000072
2025-06-02,61774.7725329218,11443.722202469136,73218.49473539094,37189.453234420056,41872.86952353611,79062.32275795616,394.3683333333319
2025-06-03,62804.59315925925,9880.40000576132,72684.99316502057,37805.74491666524,34775.8287466393,72581.57366330453,314.57963333333225
2025-06-04,64201.82196481481,9631.541502740738,73833.36346755555,38637.78396039777,32469.82165464972,71107.60561504749,103.5354666666666
2025-06-05,65351.86425267489,10223.635292798357,75575.49954547324,39320.17449378209,35391.34370763849,74711.51820142058,116.7527
2025-06-06,66816.02399917696,0.0,66816.02399917696,40286.253794674194,0.0,40286.253794674194,34075.90878539095
2025-06-07,66516.43577386832,76.18833333333339,66592.62410720166,40110.407730409934,162.89065666666679,40273.298387076604,33574.9502526749
2025-06-08,66212.80846893003,6044.517789506171,72257.3262584362,39846.47673898013,22439.423241236105,62285.89998021623,3420.1126432098768
2025-06-09,67415.55273930042,7906.580337888885,75322.1330771893,40706.83649620086,29451.31247699298,70158.14897319383,184.6910500000008
2025-06-10,69645.32757325102,6515.81832263374,76161.14589588477,42359.58041160235,21818.50689489474,64178.087306497095,253.78406481481247
2025-06-11,71045.43891872428,9982.636934384773,81028.07585310905,43386.07602593403,37617.13866267931,81003.21468861334,414.6319666666666
2025-06-12,72521.09067325102,5351.134192368313,77872.22486561933,44311.526995502834,18702.183942314914,63013.71093781775,928.3317948559668
2025-06-13,73682.97972201646,0.0,73682.97972201646,45116.75730000782,0.0,45116.75730000782,43571.69425432098
2025-06-14,73679.0592053498,0.0,73679.0592053498,45114.834095496146,0.0,45114.834095496146,45784.221594238676
2025-06-15,73652.31692201646,2562.761785390945,76215.0787074074,45103.16817646948,8280.943651248865,53384.11182771834,1263.0251475308648
2025-06-16,74464.67261449381,3780.797670691362,78245.47028518518,45640.4863328355,13120.74481019425,58761.23114302975,1124.1003483539098
2025-06-17,75503.0139485,4333.714324897123,79836.72827339712,46392.59820525587,15965.747144718838,62358.345349974705,834.5891333333329
2025-06-18,76371.73318299999,1331.9610152263385,77703.69419822632,47042.7142686076,4518.000170591569,51560.71443919917,2871.631201646095
2025-06-19,76748.21758916666,764.3713833333323,77512.58897249999,47310.280531395336,3297.737448824996,50608.017980220335,5263.228161316877
2025-06-20,77037.93260583334,0.0,77037.93260583334,47515.40234943533,0.0,47515.40234943533,53082.08649307613
2025-06-21,77037.54260583333,0.0,77037.54260583333,47515.179737435334,0.0,47515.179737435334,56079.5496262037
2025-06-22,77035.38123916666,1128.893705761316,78164.27494492798,47514.377221992,3678.8274833647074,51193.20470535671,6914.857873117282
2025-06-23,77354.74072249999,734.6092106995882,78089.34993319958,47746.27305740533,2666.057874834464,50412.33093223979,7067.21787332304
2025-06-24,77571.33747558642,4608.889628323047,82180.22710390946,47912.23367382947,17380.33950086163,65292.573174691104,1535.4917555555555
2025-06-25,78325.56838394239,629.8852419753083,78955.4536259177,48469.44112512622,1652.0889829444445,50121.53010807066,4368.230222633749
2025-06-26,78607.70830802468,218.3776166666669,78826.08592469135,48669.17780155309,1084.1036861000016,49753.28148765309,7283.062860082303
2025-06-27,78835.53709135803,0.0,78835.53709135803,48866.465070618084,0.0,48866.465070618084,57513.532661111116
2025-06-28,78829.03939135802,0.0,78829.03939135802,48863.622451841424,0.0,48863.622451841424,55550.19293971194
2025-06-29,78825.08879135802,705.3944166666668,79530.48320802469,48861.89999024142,1765.9436652333352,50627.84365547476,6458.438623045275
2025-06-30,79003.01592469135,784.4341166666653,79787.45004135802,48973.67786523975,2636.6239826666597,51610.301847906405,6039.417385185188
2025-07-01,79214.84767469135,6642.137783333332,85856.98545802469,49124.75318721975,23009.092359524995,72133.84554674475,2957.019934979426
2025-07-02,79687.97074135803,6196.526499999998,85884.49724135803,49456.77617318142,21309.631546491655,70766.40771967307,9559.126752880657
2025-07-03,79811.93532952468,6677.739166666667,86489.67449619135,49532.49182243285,24125.188874950003,73657.68069738285,2615.446145473252
2025-07-04,80010.10214783743,0.0,80010.10214783743,49652.59385933084,0.0,49652.59385933084,49232.86793857819
2025-07-05,79867.8000645041,71.99833333333322,79939.79839783744,49534.108093314164,153.93243666666643,49688.04052998083,49268.409950923866
2025-07-06,79660.39851450411,7591.655123045265,87252.05363754937,49419.055061817504,28091.830210142176,77510.88527195968,3355.7049705761333
2025-07-07,80076.6547060679,5794.137366666666,85870.79207273456,49751.66718583742,19548.078963216663,69299.74614905409,9018.406840123458
2025-07-08,80638.37717273456,6229.418183333333,86867.79535606789,50156.04298444409,23009.65161259166,73165.69459703575,7437.850059053499
2025-07-09,81626.83967273455,4296.146083333333,85922.98575606788,50827.05647315409,15667.245752416668,66494.30222557075,8177.624604115225
2025-07-10,83301.09388940124,2791.7994666666664,86092.8933560679,52064.550943527414,10060.774036808332,62125.32498033575,9583.292515020577
2025-07-11,83963.76963940123,0.0,83963.76963940123,52539.41004864909,0.0,52539.41004864909,49714.526823146094
2025-07-12,83774.35910318723,0.0,83774.35910318723,52402.523333241785,0.0,52402.523333241785,50975.78050267489
2025-07-13,83286.08176703496,1664.6096872427986,84950.69145427777,52047.02165721956,6406.171948448973,58453.19360566853,12063.781397736619
2025-07-14,83551.11465098559,1537.8286000000012,85088.9432509856,52215.777392628384,6160.188912750002,58375.96630537839,9835.352454320988
2025-07-15,83942.91751765225,1361.5173000000023,85304.43481765226,52487.499858635056,4895.06689436484,57382.5667529999,9093.585952880661
2025-07-16,84336.71691765226,1122.2530098333318,85458.9699274856,52753.85554820672,3957.569641575493,56711.42518978221,9903.42425036831
2025-07-17,84298.18865812964,1133.1394166666664,85431.32807479631,52716.8110602659,4172.270840575001,56889.0819008409,8915.888576131696
2025-07-18,84122.6585285,0.0,84122.6585285,52599.74823552053,0.0,52599.74823552053,51238.68501224485
2025-07-19,83668.47945457407,31.365000000000123,83699.84445457408,52303.189858837446,67.05837000000027,52370.248228837445,54919.338618977374
2025-07-20,83365.61778137655,368.3250999999993,83733.94288137656,52122.879724880826,1307.4928334333308,53430.37255831416,8059.445327366255
2025-07-21,83376.6744980432,920.9114166666666,84297.58591470987,52113.743119040824,3604.4733202166676,55718.21643925749,6559.29501255144
2025-07-22,83606.6616980432,730.0813833333366,84336.74308137654,52279.69336808915,2688.9952136750135,54968.68858176417,6846.794260699586
2025-07-23,83886.83268816666,726.1243000000006,84612.95698816665,52497.97574693113,2904.8819845750013,55402.857731506134,6544.542128395063
2025-07-24,83689.70251926748,854.4113058333342,84544.11382510081,52429.28718728952,3451.9279865966705,55881.21517388619,7335.506515637862
2025-07-25,83869.16612222017,0.0,83869.16612222017,52547.00457834321,0.0,52547.00457834321,55771.06179341358
2025-07-26,83272.07538230452,0.0,83272.07538230452,52150.958118489645,0.0,52150.958118489645,53115.93663662551
2025-07-27,82728.68548599587,571.1465999999999,83299.83208599586,51793.90364847517,1861.844574223334,53655.7482226985,5561.600965226333
2025-07-28,82616.44068354732,1643.086691370368,84259.52737491768,51701.768078007444,5099.6258549496215,56801.393932957064,2143.8076113168718
2025-07-29,83129.58140619136,700.5798146090526,83830.16122080041,52050.942434681856,2352.9478032299367,54403.89023791179,3789.0131730452654
2025-07-30,83413.71781885801,392.28965000000034,83806.00746885802,52256.343020011394,1602.4177496083357,53858.76076961973,5845.822001234564
2025-07-31,83359.54646752469,385.51602839506097,83745.06249591976,52231.461106176794,1401.86311793827,53633.324224115066,5071.795521810697
2025-08-01,83235.0630951502,0.0,83235.0630951502,52172.39735579578,0.0,52172.39735579578,60457.570365314816
2025-08-02,82717.68617502057,32.52833333333342,82750.2145083539,51844.76378462711,69.54557666666685,51914.309361293774,60220.36570938272
2025-08-03,82612.46475835392,299.87595000000044,82912.34070835392,51779.867628265434,1316.5430798250036,53096.410708090436,16699.418629958847
2025-08-04,82036.82578153086,177.83335000000022,82214.65913153086,51432.02600299342,599.4849277500005,52031.510930743425,13493.390217489712
2025-08-05,82095.79164819753,84.14129999999989,82179.93294819753,51476.47821335842,253.87219334166625,51730.35040670009,13607.828450205758
2025-08-06,82119.07013153087,458.13048966666673,82577.20062119754,51491.41906780342,1831.6369993448338,53323.05606714825,11057.31118312757
2025-08-07,81661.52169881687,259.29045000000076,81920.81214881687,51193.32550331218,781.9245126500034,51975.250015962185,15040.817052263374
2025-08-08,81571.83862798352,0.0,81571.83862798352,51135.93926900051,0.0,51135.93926900051,64164.49424362139
2025-08-09,81116.00525637859,0.0,81116.00525637859,50834.17056489302,0.0,50834.17056489302,60565.671959670784
2025-08-10,80697.85388045266,118.1306166666667,80815.98449711932,50567.421587857054,320.67807384166736,50888.099661698725,12161.503716460898
2025-08-11,80381.60925802469,243.6670166666663,80625.27627469136,50350.48580622098,877.0875501749986,51227.57335639598,12457.71633024691
2025-08-12,80467.92972469135,319.34001666666677,80787.26974135802,50411.76329963265,1237.5109811750003,51649.27428080765,9623.322732098764
2025-08-13,80564.4862580247,349.30474033333326,80913.79099835803,50490.16639982932,1406.8067701201667,51896.97316994949,11434.036610493826
2025-08-14,80471.9436893004,279.0763950000013,80751.0200843004,50427.67700858518,1170.7902018641703,51598.46721044935,11061.792649999998
2025-08-15,80448.20694835391,0.0,80448.20694835391,50390.178586066046,0.0,50390.178586066046,61596.28426131686
2025-08-16,80021.85028847736,0.0,80021.85028847736,50149.71646244004,0.0,50149.71646244004,61436.21207057613
2025-08-17,79744.29688868312,316.6767666666665,80060.9736553498,49980.743421336956,1695.275085449999,51676.01850678695,13375.72787263375
2025-08-18,79531.07013971193,371.57506433333265,79902.64520404526,49830.75351701949,1622.6071155238324,51453.36063254332,11882.995042181072
2025-08-19,79594.34730884773,321.29794083333286,79915.64524968107,49873.84336260245,1657.01202670375,51530.8553893062,12188.540409053498
2025-08-20,79668.04275884773,810.623214499998,80478.66597334773,49952.572224422445,3005.7335410175738,52958.30576544002,5770.025890329219
2025-08-21,79759.24391872429,284.0951014403298,80043.33902016461,50005.87703796763,1373.4144670406386,51379.29150500827,10791.68140596708
2025-08-22,79312.96685473251,0.0,79312.96685473251,49739.81972544584,0.0,49739.81972544584,56401.9010808642
2025-08-23,78748.87025121399,0.0,78748.87025121399,49400.991429646805,0.0,49400.991429646805,54565.81741829218
2025-08-24,77999.09452067284,479.6754999999997,78478.77002067283,48887.86736348929,2297.787460216665,51185.654823705954,11092.716385185186
2025-08-25,77583.64952901233,1886.632969919749,79470.28249893208,48656.19348798315,6524.666680993895,55180.86016897705,4912.119556172842
2025-08-26,78060.24308895678,384.4446825000007,78444.68777145678,48975.67622746993,1735.0338178745865,50710.71004534452,9270.618081687247
2025-08-27,78178.03912345678,613.2866833333335,78791.32580679012,49077.95243675815,2546.5901855416682,51624.542622299814,6983.659741563785
2025-08-28,77945.60007510288,1294.577304781896,79240.17737988477,48949.21010267957,4121.838844674034,53071.04894735361,4530.876049794243
2025-08-29,77604.83390041151,0.0,77604.83390041151,48722.541670540115,0.0,48722.541670540115,53162.55857098765
2025-08-30,76616.67184794239,0.0,76616.67184794239,48189.43289057753,0.0,48189.43289057753,56444.43692242798
2025-08-31,75559.24650123456,577.5515833333336,76136.7980845679,47605.42752426315,2410.587631233334,50016.01515549648,5737.424740740741
2025-09-01,75032.43638559671,0.0,75032.43638559671,47291.40455328031,0.0,47291.40455328031,18423.247560082305
2025-09-02,75078.51490226339,21.770049999999856,75100.28495226339,47313.18744449364,62.13172269999959,47375.31916719364,17615.304141152257
2025-09-03,75114.2652292181,73.29164999999978,75187.5568792181,47330.61603196302,273.15515526666593,47603.771187229686,16631.459706790112
2025-09-04,74961.97384588476,42.16384999999997,75004.13769588475,47225.47114680635,160.82547473333312,47386.29662153968,17759.488827983536
2025-09-05,74835.1651164609,0.0,74835.1651164609,47133.10616773678,0.0,47133.10616773678,66525.1350734568
2025-09-06,74495.00609670782,0.0,74495.00609670782,46949.54549827031,0.0,46949.54549827031,65261.68010843621
2025-09-07,74139.61439938271,79.9018500000006,74219.51624938271,46739.29061684518,182.71751380000202,46922.00813064518,15890.488289094656
2025-09-08,74009.43038065844,527.3815705761326,74536.81195123457,46643.57423887364,1780.9767283929045,48424.55096726654,11809.09143950617
2025-09-09,74194.37354115226,8.7808500000001,74203.15439115226,46748.80771910642,33.0774619500003,46781.88518105642,17807.376596090537
2025-09-10,74217.28879156378,1420.5165298353884,75637.80532139917,46761.23834064506,4642.85954592273,51404.09788656779,10575.353139917697
2025-09-11,74279.7739467078,11.059683333333282,74290.83363004115,46778.71705451382,31.56433623333319,46810.28139074716,17328.40370349794
2025-09-12,74130.99425987655,0.0,74130.99425987655,46678.31236743074,0.0,46678.31236743074,60964.20313251029
2025-09-13,73740.05410493826,0.0,73740.05410493826,46421.74373885981,0.0,46421.74373885981,64146.7583691358
2025-09-14,73444.4243574074,316.5065386831237,73760.93089609053,46225.56791291111,734.3644354432006,46959.93234835431,10022.7218808642
2025-09-15,73257.14539835391,503.3158000000011,73760.4611983539,46040.61853682969,1826.6080213750033,47867.22655820469,15066.387447736624
2025-09-16,73370.1463946502,477.4898999999983,73847.6362946502,46103.64511264858,1279.5718800083278,47383.216992656904,10751.625312962962
2025-09-17,73614.52208765432,904.5793670041157,74519.10145465843,46226.1207533174,3265.3902589348018,49491.5110122522,10860.3140909465
2025-09-18,73589.94619732509,229.79118333333352,73819.73738065842,46175.04298796457,842.564070350001,47017.60705831457,11094.4044436214
2025-09-19,73299.58701399177,0.0,73299.58701399177,45993.54452301457,0.0,45993.54452301457,55563.608760699586
2025-09-20,72650.07931399177,0.0,72650.07931399177,45554.9637221279,0.0,45554.9637221279,55264.0461627572
2025-09-21,71283.2857701646,744.5783500000007,72027.8641201646,44650.395919073635,2440.362929658336,47090.75884873197,10195.232311934156
2025-09-22,68613.62156975307,911.3065833333351,69524.92815308641,42501.318454615364,3337.2968376000044,45838.61529221537,4993.908908641977
2025-09-23,68894.11945308642,1548.3936368312782,70442.51308991769,42711.4055656937,5495.352672008959,48206.758237702656,4282.695192181074
2025-09-24,69336.14372222222,1556.6004999999982,70892.74422222222,43026.661393736664,5780.51749116666,48807.178884903326,5909.590660905351
2025-09-25,68959.78350596706,958.0921000000008,69917.87560596706,42735.09169447994,3608.978042525003,46344.069737004946,5689.081273662548
2025-09-26,68398.4294670782,0.0,68398.4294670782,42407.15880651661,0.0,42407.15880651661,48824.985638477374
2025-09-27,67803.60418374486,0.0,67803.60418374486,41992.61054042161,0.0,41992.61054042161,48008.669550617284
2025-09-28,67189.92776069959,2569.1243534979376,69759.05211419753,41542.76877687506,9477.200287359858,51019.969064234916,2223.1331563786034
2025-09-29,67106.00596028806,1701.267499999999,68807.27346028807,41480.470429188455,6482.435823366663,47962.90625255512,1987.5262921810724
2025-09-30,67665.93035967078,3936.4220351131708,71602.35239478394,41894.97301403105,14744.790017272058,56639.76303130311,2025.4889302469082
2025-10-01,68273.9873718107,31.094999999999914,68305.0823718107,42298.68172404339,67.8624024999998,42366.54412654339,15158.670474691353
2025-10-02,67960.5151600823,234.43851666666524,68194.95367674896,42045.11597513265,765.0862097666626,42810.20218489931,12842.476060082301
2025-10-03,67927.14157674897,0.0,67927.14157674897,42043.96628630598,0.0,42043.96628630598,58353.59174547324
2025-10-04,67844.96402674896,0.0,67844.96402674896,41976.38464565098,0.0,41976.38464565098,52926.09550164608
2025-10-05,67687.93819341563,270.9906499999993,67958.92884341562,41861.99352396265,833.3675958333304,42695.36111979598,9586.816856995876
2025-10-06,67665.25212674895,426.082300000005,68091.33442674896,41826.20394532431,1568.981695908356,43395.18564123267,6610.695463374481
2025-10-07,67753.24551008228,537.744966666668,68290.99047674895,41888.34565431764,2198.19679225834,44086.542446575986,6698.769789300404
2025-10-08,67879.29954341563,828.6126333333352,68707.91217674897,41982.50251874765,2831.6409359916743,44814.14345473932,8510.324538477362
2025-10-09,67945.29272674897,556.4077166666664,68501.70044341564,42015.27379211431,2161.1290663499985,44176.40285846431,8971.715154732508
2025-10-10,67782.69319835391,0.0,67782.69319835391,41952.25636010524,0.0,41952.25636010524,56639.51571090535
2025-10-11,67633.31658148147,0.0,67633.31658148147,41835.49654787444,0.0,41835.49654787444,51632.574318106985
2025-10-12,67225.51848621399,762.7969833333325,67988.31546954732,41576.56525447957,2717.60436395833,44294.169618437896,5659.173988477368
2025-10-13,67310.29745288065,439.1559166666663,67749.45336954732,41621.89394393956,1662.4249648916652,43284.31890883123,6833.010374691363
2025-10-14,67407.11453868312,1754.9343999999992,69162.04893868312,41694.577861017526,7377.646144774995,49072.22400579252,4511.520236419752
2025-10-15,67693.48348868312,1882.9122866255132,69576.39577530864,41905.54834484253,6435.3206281037,48340.86897294623,3730.739652880655
2025-10-16,67864.91221502058,3259.653545267483,71124.56576028807,42018.350281168576,12430.789346232901,54449.13962740148,4141.914250617288
2025-10-17,68105.06964341563,0.0,68105.06964341563,42125.550795139316,0.0,42125.550795139316,50270.43932325102
2025-10-18,67771.58693847735,0.0,67771.58693847735,41902.01259456505,0.0,41902.01259456505,49871.413876748964
2025-10-19,67442.60560514402,3425.30935144033,70867.91495658435,41654.64917852006,12631.237892970883,54285.88707149094,2889.259790329221
2025-10-20,67607.4092,3218.29461131687,70825.70381131687,41720.180782840005,12895.134028204,54615.31481104401,2399.623886008236
2025-10-21,68263.22585802469,4675.997945701647,72939.22380372633,42153.75203019796,15787.822225201073,57941.574255399035,2438.8448703703707
2025-10-22,69030.65485452674,3550.0380865349775,72580.69294106172,42626.028665923586,14574.530780172467,57200.55944609606,3120.7373430041152
2025-10-23,69155.83691172839,1857.3499689300402,71013.18688065842,42656.9991602524,7278.959411585798,49935.9585718382,3629.3982427983556
2025-10-24,69247.74143292182,0.0,69247.74143292182,42649.12029382672,0.0,42649.12029382672,48975.8830473251
2025-10-25,68827.09278251028,0.0,68827.09278251028,42203.31882369012,0.0,42203.31882369012,47598.73964135803
2025-10-26,68599.58029917696,1557.3839800720161,70156.96427924898,42017.41834789179,5615.652932130567,47633.071280022355,1546.700275308643
2025-10-27,68761.32971460905,2283.052652263374,71044.38236687242,42116.82061379197,8698.267104553805,50815.08771834578,3347.1700016460895
2025-10-28,69189.06008950617,2623.5231672921755,71812.58325679835,42437.67371260407,9942.854331791033,52380.528044395105,1730.3090831275713
2025-10-29,69617.75396193416,5064.65217119342,74682.40613312757,42745.174718191534,17954.592692870287,60699.767411061825,1153.392140329216
2025-10-30,69963.28349588477,1493.0760833333302,71456.3595792181,42975.40998696895,5638.805279983324,48614.21526695228,2550.533878189302
2025-10-31,70124.19864567902,0.0,70124.19864567902,43078.26751267815,0.0,43078.26751267815,44403.240102057614
2025-11-01,69888.2330265432,0.0,69888.2330265432,42921.399157730186,0.0,42921.399157730186,45579.54073744855
2025-11-02,69858.8291265432,3931.156772633748,73789.98589917696,42906.742349715176,14463.046690411022,57369.7890401262,722.1230333333322
2025-11-03,70599.77894794238,3963.3836127572044,74563.16256069958,43444.5865520911,12445.45384828807,55890.04040037918,912.5729320987624
2025-11-04,71486.86741995884,1761.1559882716049,73248.02340823045,44014.01407017259,6035.5224666027825,50049.53653677537,1381.035266872428
2025-11-05,72003.77814218107,3226.90127880658,75230.67942098764,44363.54846081956,11444.86781730338,55808.41627812294,1289.1637526748946
2025-11-06,72590.08436584362,4156.195201757202,76746.27956760082,44761.807582270005,15378.649968563368,60140.45755083337,1114.6796462962957
2025-11-07,73143.71199938271,0.0,73143.71199938271,45114.267245611794,0.0,45114.267245611794,47860.17878539095
2025-11-08,73111.45038271605,0.0,73111.45038271605,45098.79595253846,0.0,45098.79595253846,47470.35503991769
2025-11-09,73078.70691604938,3669.1586034979427,76747.86551954733,45080.53733808179,12514.574779607616,57595.11211768941,907.3001633744831
2025-11-10,73686.53361563785,5437.849796913586,79124.38341255143,45479.377906744645,19119.65492834364,64599.032835088285,798.7971751028856
2025-11-11,74368.41761069957,2618.020193004114,76986.43780370368,45937.2051225373,10090.974806493105,56028.179929030404,1042.5880037037014
2025-11-12,75033.62652489712,1954.3618576131694,76987.98838251029,46402.8702661078,8216.36107185772,54619.23133796552,1585.1528611111148
2025-11-13,75372.19234423869,2661.0282269547274,78033.22057119342,46669.21613421671,9076.833015213566,55746.04914943028,1168.6187139917697
2025-11-14,75908.4955574074,0.0,75908.4955574074,47025.01626784018,0.0,47025.01626784018,46498.95610555555
2025-11-15,75864.96184074073,0.0,75864.96184074073,46994.82421736018,0.0,46994.82421736018,45780.40811687242
2025-11-16,75837.32309074074,4088.6732510288057,79925.99634176955,46978.68759361352,15677.278788691146,62655.966382304665,1005.051468724279
2025-11-17,76313.17027304525,2199.907576131689,78513.07784917695,47328.83542716983,8603.560386464207,55932.39581363404,1414.8500489711955
2025-11-18,76841.6794,3807.040934257204,80648.7203342572,47713.71756418833,12330.171775997153,60043.88934018548,1179.7039697530868
2025-11-19,77360.68557666667,3253.0938157201635,80613.77939238683,48106.944722089334,12354.148046777878,60461.09276886721,725.895679629627
2025-11-20,77838.15256233333,2664.8094137860094,80502.96197611933,48475.03941058653,8946.061888157925,57421.101298744456,1174.9441973251055
2025-11-21,78262.22756999999,0.0,78262.22756999999,48770.140090121,0.0,48770.140090121,47713.59398127571
2025-11-22,78217.15542,0.0,78217.15542,48743.99361910766,0.0,48743.99361910766,46226.817865020574
2025-11-23,78142.95896999999,2803.468830000001,80946.42779999999,48694.629517506,10873.727905576674,59568.35742308268,1266.8260716049408
2025-11-24,78535.03537066666,1649.0779240740771,80184.11329474075,48993.91038383486,5691.951060379642,54685.861444214504,1617.4637343621412
2025-11-25,78947.99580716668,2662.941535631685,81610.93734279837,49310.877528889905,9207.543080309017,58518.42060919892,961.9762269547341
2025-11-26,79472.2648933786,3461.53960584979,82933.80449922838,49693.84253120137,11862.34225961869,61556.18479082006,1627.3906366255123
2025-11-27,79955.38008466255,1806.4626477366319,81761.84273239918,50044.93241645216,6741.129831850228,56786.06224830239,1560.7347061728406
2025-11-28,80298.61527871809,0.0,80298.61527871809,50301.37025711709,0.0,50301.37025711709,47641.460146090525
2025-11-29,80260.28158255143,0.0,80260.28158255143,50278.91007665804,0.0,50278.91007665804,43631.32499176955
2025-11-30,80206.5344992181,5601.252204279834,85807.78670349794,50235.03969612971,19097.526665569603,69332.56636169931,870.9446164609053
2025-12-01,80830.2107694074,10603.81681207407,91434.02758148147,50683.54121063339,37984.801758522095,88668.34296915549,387.75212304526667
2025-12-02,81606.90848302469,12012.079468004116,93618.9879510288,51228.88223692891,43166.89971117675,94395.78194810566,187.19063580246848
2025-12-03,82419.54302983539,10126.260625514402,92545.8036553498,51794.320762427196,34501.00576550833,86295.32652793553,616.4772016460868
2025-12-04,83173.14622633744,8910.664491769545,92083.81071810698,52306.8028837494,31906.01915456203,84212.82203831142,575.5927255144007
2025-12-05,84213.91740802469,0.0,84213.91740802469,53020.2242378511,0.0,53020.2242378511,40939.52123868312
2025-12-06,84142.30169279836,0.0,84142.30169279836,52969.0763538187,0.0,52969.0763538187,38480.887143621396
2025-12-07,84088.06650946502,8632.194758308638,92720.26126777366,52930.021064782035,30461.980429267205,83392.00149404924,235.4765882716049
2025-12-08,85417.02288004116,7834.57383930041,93251.59671934157,53876.78083596406,27052.460762764298,80929.24159872836,591.2414327160487
2025-12-09,87138.8572,5395.10567510288,92533.96287510288,55155.621662743324,19841.572515348973,74997.1941780923,307.7894123456747
2025-12-10,89073.83299999998,4890.2551868312785,93964.08818683126,56473.83352629165,16657.140016568428,73130.97354286008,848.1414446502058
2025-12-11,90175.32207098765,2083.681199999996,92259.00327098764,57279.776018202094,6832.316973816654,64112.09299201875,1665.9339269547322
2025-12-12,90770.71438765431,0.0,90770.71438765431,57706.243769998764,0.0,57706.243769998764,45322.42905802469
2025-12-13,90730.24413765431,2.8350000000000364,90733.07913765432,57672.165877065425,6.061230000000077,57678.227107065424,45150.88753950616
2025-12-14,90721.78477098764,3492.9635562283934,94214.74832721603,57661.67138726876,12248.01937276819,69909.69076003696,675.0488732510252
2025-12-15,91395.98176975307,3618.8217380658416,95014.80350781891,58120.23764717531,12279.838329177357,70400.07597635267,818.5274296296284
2025-12-16,92066.77957716049,3072.204333333332,95138.98391049381,58593.392741594376,10666.12394740833,69259.5166890027,1036.9550493827132
2025-12-17,92763.27976851852,1341.5645351851824,94104.8443037037,59092.03246747352,4112.95740012499,63204.98986759851,1255.3487699588454
2025-12-18,93131.07605185185,1432.6243000000015,94563.70035185185,59335.72428134018,5365.43860575834,64701.16288709852,2507.4957512345663
2025-12-19,93416.18213209877,0.0,93416.18213209877,59557.338900618204,0.0,59557.338900618204,48726.45027325103
2025-12-20,93406.07203209876,0.0,93406.07203209876,59551.09095621321,0.0,59551.09095621321,48698.25815555555
2025-12-21,93392.74389876542,1662.5664909464988,95055.31038971191,59540.337376221534,5218.0600344185095,64758.39741064004,1302.5490767489719
2025-12-22,93710.51267633744,1136.5075471193386,94847.02022345678,59747.098838069294,3704.263702140944,63451.36254021024,1142.307866666667
2025-12-23,94040.18811090534,306.99328292181144,94347.18139382715,59970.688166921085,925.9738705414647,60896.66203746255,2420.946134362138
2025-12-24,94203.54450555555,680.2833427839541,94883.8278483395,60085.84619368222,2505.7489914547396,62591.59518513696,2303.7394234567905
2025-12-25,94392.95111193415,840.6154166666657,95233.56652860082,60222.53261306285,2436.230410408326,62658.763023471176,2832.4361386831215
2025-12-26,94518.35614526749,0.0,94518.35614526749,60301.32831804452,0.0,60301.32831804452,49742.016717901235
2025-12-27,94509.54104526748,0.0,94509.54104526748,60292.18532590785,0.0,60292.18532590785,49446.2159355967
2025-12-28,94502.02941193416,490.1453499999979,94992.17476193415,60287.35269201119,1780.9297114249953,62068.282403436184,3677.4144240740734
2025-12-29,94570.64362860082,576.6989833333337,95147.34261193416,60326.50494734119,1576.8034579250016,61903.308405266194,3101.132237860082
2025-12-30,94716.39175781893,177.59103350000134,94893.98279131894,60424.07547774078,754.7016047390898,61178.777082479864,4111.844389300411
2025-12-31,94776.12080781892,776.7712166666702,95552.8920244856,60468.883983140775,2744.8469398750103,63213.730923015784,2179.5121973251034
