date,planned_grid_total,emergency_total,total_grid_purchase,planned_cost,emergency_cost,total_cost,surplus_kwh,scenario_method,mean_scenario_load_kwh,p80_scenario_load_kwh,actual_load_kwh,scenario_mean_bias_kwh,scenario_p80_coverage
2025-02-01,60949.86811612788,0.0,60949.86811612788,34126.49084610942,0.0,34126.49084610942,22476.4960815807,residual_equal,89308.41669213465,97469.83324005951,76305.20628333333,13003.210408801315,1.0
2025-02-02,90010.7737388851,143.40725581026356,90154.18099469536,56484.43675435646,815.0520986082046,57299.48885296466,7087.716213743177,residual_equal,118037.94325204252,125880.17595110783,121705.97265000001,-3668.0293979574926,0.9236111111111112
2025-02-03,90276.99224137528,143.30716468829945,90420.29940606358,56807.62000626785,526.6518629501186,57334.27186921796,5522.33977900647,residual_equal,119431.32602761599,127157.38448278309,122603.769,-3172.442972384015,0.9513888888888888
2025-02-04,91600.46144786534,533.9561642548437,92134.41761212019,57857.61935849718,2120.412140247628,59978.03149874481,6257.225292211251,residual_equal,122241.96572156677,128457.97544287762,121578.09884999998,663.8668715667882,0.9722222222222222
2025-02-05,92312.18568737037,238.89351898282055,92551.07920635318,58503.68129022773,692.4283609697259,59196.109651197454,7106.359536821557,residual_equal,123510.11371684031,129097.14939442703,121991.08443333332,1519.029283506985,0.9930555555555556
2025-02-06,92482.79243935639,21.25110831110294,92504.04354766749,58739.675694866586,84.00673808177092,58823.68243294836,7529.1489826218785,residual_equal,123147.15099772112,129158.10931736548,122252.1627,894.9882977211237,0.9791666666666666
2025-02-07,60030.021579789056,0.0,60030.021579789056,33683.58428011951,0.0,33683.58428011951,24116.765077274475,residual_equal,90845.43125226785,96985.13104421688,76168.59693333333,14676.834318934518,1.0
2025-02-08,55011.718563790346,0.0,55011.718563790346,30264.6331222735,0.0,30264.6331222735,19374.599521803582,residual_equal,85935.17847910826,92439.40171915005,75746.78751666666,10188.390962441597,1.0
2025-02-09,84039.22076884747,1881.6616701713308,85920.88243901881,52224.41259602042,6772.850813647821,58997.26340966824,1758.852683560211,residual_equal,114940.05836671586,121731.34620370246,121547.90356666665,-6607.8451999507815,0.5347222222222222
2025-02-10,86493.2998270101,225.11080442539208,86718.41063143549,54078.20506125307,965.4204074879779,55043.62546874105,7741.969632880055,residual_equal,116921.16498669291,123825.71490489262,121477.56451666665,-4556.3995299737435,0.75
2025-02-11,87133.69075766492,50.985401076163384,87184.67615874109,54581.26249935459,255.7999882737624,54837.062487628355,7311.662631022598,residual_equal,118459.64852350707,124974.21847715686,121441.28161666666,-2981.6330931595876,0.9305555555555556
2025-02-12,86828.09544646929,134.664976705826,86962.76042317512,54458.85182413642,614.8304085337444,55073.682232670166,7062.089252603619,residual_equal,119778.59712683735,125974.10399690559,121363.85288333331,-1585.255756495957,0.9583333333333334
2025-02-13,86312.40148038266,52.80895568787798,86365.21043607054,54258.86088414595,113.51481265323477,54372.37569679919,10395.60547649108,residual_equal,120455.01090949234,126558.24214437832,121310.28371666666,-855.2728071743186,0.9305555555555556
2025-02-14,53615.587898862286,0.0,53615.587898862286,29735.354207952114,0.0,29735.354207952114,19743.57402009314,residual_equal,88577.3838200369,94594.54780448816,75872.63795,12704.745870036902,1.0
2025-02-15,49486.57000646787,0.0,49486.57000646787,26963.011698889895,0.0,26963.011698889895,16194.218978780234,residual_equal,84155.13090181674,90508.32498690559,76054.55224999998,8100.578651816759,1.0
2025-02-16,78008.6196776795,2992.0658224632148,81000.68550014272,47890.72315302311,11554.750123464859,59445.473276487966,1209.5343673236357,residual_equal,113418.5661912727,120007.39971868237,121276.97728333333,-7858.411092060633,0.3402777777777778
2025-02-17,79727.94576660162,519.2407550036824,80247.18652160531,49245.46006539236,1970.064385331275,51215.524450723635,4659.565210652267,residual_equal,115340.16355919158,122051.34740486713,120960.37281666664,-5620.209257475057,0.6319444444444444
2025-02-18,80647.73225477239,240.3915637537496,80888.12381852613,49966.68173041737,918.7082194216113,50885.38994983898,4393.685823453832,residual_equal,116954.77095749733,123338.0880959016,121331.27123333333,-4376.500275836006,0.7430555555555556
2025-02-19,81135.6838882775,692.7868609319962,81828.4707492095,50411.379851062535,2368.1308966622933,52779.51074772483,4547.476699209507,residual_equal,118300.89677149482,124379.94291807101,121866.79411666666,-3565.897345171834,0.7708333333333334
2025-02-20,81372.90468114021,276.54849668040345,81649.45317782061,50554.66199275947,1125.493859174066,51680.15585193354,6253.980170572553,residual_equal,119054.339562482,125005.41510307594,121105.25703333333,-2050.917470851331,0.8819444444444444
2025-02-21,49984.13177675304,0.0,49984.13177675304,27505.747955072704,0.0,27505.747955072704,20439.897422637685,residual_equal,87375.38803493141,93226.9391237079,75802.00203333332,11573.38600159809,1.0
2025-02-22,45584.58945597614,41.31969303256551,45625.9091490087,24817.844339159336,88.34150370362505,24906.18584286296,13868.105624734671,residual_equal,83322.9502490627,89518.75877508777,75682.24226666667,7640.707982396038,0.9930555555555556
2025-02-23,74415.05815463394,2896.786943552017,77311.84509818595,45257.48693942327,10991.388340756383,56248.87528017965,1404.2803508635534,residual_equal,112492.52827183182,118974.79008406163,121142.14093333331,-8649.612661501495,0.2638888888888889
2025-02-24,75843.54994946596,857.0823070361942,76700.63225650215,46364.92181766819,3709.4247193476704,50074.34653701586,4114.564169822436,residual_equal,114322.77925562643,120916.8215514123,120628.98855000001,-6306.209294373577,0.5625
2025-02-25,76989.5606739901,499.00401773807573,77488.56469172817,47328.54181888597,1730.3089885315944,49058.85080741756,7272.853974792325,residual_equal,116123.82296866234,122407.71417512267,121093.33288333332,-4969.509914670984,0.6736111111111112
2025-02-26,77359.22361022444,629.0622379709353,77988.28584819537,47684.74816798215,2438.059109635347,50122.807277617496,4817.217992654818,residual_equal,117625.3030679573,123651.69519460949,121060.73411666666,-3435.4310487093608,0.8055555555555556
2025-02-27,77149.85569212137,379.5911625975552,77529.44685471893,47536.79622647345,1864.1798847238865,49400.97611119734,6201.421864004344,residual_equal,118046.7775851937,124007.8950151973,120599.48893333333,-2552.7113481396227,0.8680555555555556
2025-02-28,45552.374656452215,0.0,45552.374656452215,25204.885861464383,0.0,25204.885861464383,18374.68042376711,residual_equal,86555.89526498689,92420.60778080355,75385.10794999999,11170.787314986897,1.0
2025-03-01,41568.15514604946,41.81965617561227,41609.97480222507,22905.368706491096,171.17033812361208,23076.539044614707,14273.077221761743,residual_equal,82693.02312107595,88864.39595211847,72244.16015,10448.862971075956,1.0
2025-03-02,69572.31902008032,8001.253039080228,77573.57205916055,42058.516719095336,31193.193899715952,73251.71061881128,1066.8986131237812,residual_equal,111522.9312755699,118015.78893207363,117860.41708333333,-6337.485807763427,0.5208333333333334
2025-03-03,71523.0940094597,6004.557847523763,77527.65185698346,43524.43054033082,24283.333381537122,67807.76392186794,1320.3949037370817,residual_equal,112962.5363875991,119505.7919896315,117958.74559999998,-4996.209212400878,0.6111111111111112
2025-03-04,75089.17897119507,1217.169279601734,76306.3482507968,46007.988152154576,3861.0743455763986,49869.06249773098,2686.4483508296116,residual_equal,114747.56578395513,120994.35063708611,118139.02498333334,-3391.4591993782087,0.7777777777777778
2025-03-05,77461.46789467329,232.30066238715918,77693.76855706045,47687.51078462286,833.7424713631242,48521.25325598598,7135.381831604201,residual_equal,116234.37015516574,122094.02552737774,118073.44383333332,-1839.0736781675805,0.9166666666666666
2025-03-06,77892.62524405048,215.30614727398893,78107.93139132447,48101.93856288471,707.2057562984266,48809.144319183135,7765.2326079981885,residual_equal,116537.51832916564,122373.89144736092,117673.59855,-1136.080220834352,0.875
2025-03-07,46963.27334424468,0.0,46963.27334424468,25837.616484974475,0.0,25837.616484974475,22265.03711185296,residual_equal,85153.75078478684,90996.43794282917,71680.36145,13473.389334786843,1.0
2025-03-08,43052.38918878285,0.0,43052.38918878285,23617.046118268718,0.0,23617.046118268718,20424.340755173576,residual_equal,80648.10205623216,86915.7310761832,72344.71158333334,8303.390472898827,1.0
2025-03-09,70849.86660531785,955.7102839762737,71805.57688929411,42882.9872918925,3768.265699446522,46651.252991339024,4220.474196088389,residual_equal,109937.74300935856,116494.86295868526,117692.9865,-7755.243490641442,0.3541666666666667
2025-03-10,71462.54478608031,2913.2747987689754,74375.81958484929,43426.52837960411,9124.775606209447,52551.30398581356,2077.8158329115304,residual_equal,111722.39943449092,118388.71482210423,117943.06436666667,-6220.664932175758,0.5138888888888888
2025-03-11,73203.06200791206,705.2927571030718,73908.35476501513,44569.351526515806,2597.6484936289708,47167.00002014478,5646.737757169754,residual_equal,113846.64354319511,120124.47738851036,117499.55295,-3652.909406804887,0.7847222222222222
2025-03-12,73874.0930513919,404.9302571529318,74279.02330854483,45107.583363124664,1194.646877282539,46302.2302404072,7499.45720255931,residual_equal,115271.54237696844,121192.6316048442,118112.23683333334,-2840.6944563649013,0.8055555555555556
2025-03-13,73282.8116241259,2637.666104760078,75920.47772888598,44844.73802192522,9092.74223249948,53937.48025442471,4099.9808869572225,residual_equal,115612.05670294381,121427.7667480524,118237.27704999999,-2625.22034705618,0.8541666666666666
2025-03-14,42924.41498966369,0.0,42924.41498966369,23898.889385560673,0.0,23898.889385560673,23384.84123835819,residual_equal,84253.94521317419,90076.93941897214,72108.86895,12145.076263174182,1.0
2025-03-15,38830.59465125293,109.58533083983752,38940.17998209277,21630.960776857035,242.39127033010766,21873.35204718714,14700.84562721247,residual_equal,80264.0317829787,86521.87011876146,72724.98178333332,7539.049999645373,0.9861111111111112
2025-03-16,67809.79113576325,2584.2590400484837,70394.05017581173,40684.018034015025,10195.967028431758,50879.98506244678,2896.606647683452,residual_equal,109526.31530198391,116091.27547108143,117983.21598333333,-8456.90068134942,0.2361111111111111
2025-03-17,69611.22269102406,410.00580734456764,70021.22849836863,41895.925835430986,1650.8655245507896,43546.79135998178,8003.447334565457,residual_equal,111461.54542773504,118103.2352160317,117693.6218,-6232.076372264957,0.5486111111111112
2025-03-18,69509.45649479324,891.9669935773629,70401.4234883706,41957.25132925454,4101.581531574535,46058.832860829076,5111.3195775091335,residual_equal,113323.1317530944,119574.88506842696,117253.42358333334,-3930.29183023893,0.7847222222222222
2025-03-19,70280.3503115628,181.99655098308313,70462.34686254588,42635.41707615896,755.3748572348238,43390.79193339379,6825.275751652906,residual_equal,114835.86348471607,120793.75533545199,117281.55799999999,-2445.694515283918,0.9027777777777778
2025-03-20,69991.93664753382,605.4390127845329,70597.37566031836,42577.82506844463,1870.0896457755216,44447.914714220155,4214.416640231271,residual_equal,115220.67896457063,121061.87889132564,117648.38173333334,-2427.7027687627124,0.8402777777777778
2025-03-21,39751.781076097446,0.0,39751.781076097446,22318.08027317596,0.0,22318.08027317596,24371.37428857485,residual_equal,83619.30070868049,89444.2151057438,72593.53221666667,11025.768492013813,1.0
2025-03-22,37725.36471478538,21.623237452748413,37746.98795223812,20948.871267611343,46.2304816739761,20995.10174928532,18667.45488557146,residual_equal,80042.16397892877,86195.52796406727,71936.92953333333,8105.234445595444,0.9930555555555556
2025-03-23,64187.49058737085,2309.3725324829306,66496.86311985378,38309.003021918994,8881.738816703219,47190.74183862221,3620.1202454818495,residual_equal,109133.08507598845,115569.71572869827,117739.97726666667,-8606.89219067822,0.2708333333333333
2025-03-24,65752.90647455148,1047.6998371907093,66800.60631174219,39465.4512988222,3538.47283495796,43003.92413378016,4696.57350779355,residual_equal,111001.13810392721,117589.80671450656,117425.17061666667,-6424.032512739461,0.5277777777777778
2025-03-25,66847.00042607127,1589.9613104754199,68436.9617365467,40233.31784627451,5636.829283382946,45870.14712965746,3357.0908485524797,residual_equal,112684.7049646518,118891.43623403285,118053.16781666667,-5368.462852014869,0.5972222222222222
2025-03-26,68163.13250589743,354.9362497953209,68518.06875569276,41199.39440236696,1099.4784117792772,42298.87281414624,8788.848038257758,residual_equal,114267.11288573741,120266.53736984564,117704.62780000002,-3437.5149142626033,0.8333333333333334
2025-03-27,68050.3607271392,722.758169823131,68773.11889696233,41218.70469007434,2450.696360381329,43669.401050455665,5920.748692067013,residual_equal,114920.61141150972,120739.46987008618,117952.59836666666,-3031.9869551569427,0.8125
2025-03-28,38599.91310531153,0.0,38599.91310531153,21576.004493571403,0.0,21576.004493571403,24547.860474995054,residual_equal,83515.66489953914,89307.7071716825,71891.76726666666,11623.897632872482,1.0
2025-03-29,36696.48350249166,0.0,36696.48350249166,20227.146977108176,0.0,20227.146977108176,25867.636259563526,residual_equal,79779.09532605037,85957.24311212997,72118.27746666667,7660.817859383707,1.0
2025-03-30,61080.30240331779,1707.6599920328135,62787.96239535061,36317.60868909487,6364.121204804715,42681.72989389959,3383.738855006878,residual_equal,109030.00782400361,115451.01349762862,117994.70585,-8964.69802599639,0.2708333333333333
2025-03-31,62315.24570871127,2350.089418123617,64665.335126834885,37213.197459036586,9105.49103014643,46318.68848918301,3645.6866011472766,residual_equal,110865.93392085622,117452.87381454355,117075.66561666667,-6209.731695810449,0.5763888888888888
2025-04-01,64118.125619301936,3231.2894398421013,67349.41505914404,38376.974149082176,9001.995108871646,47378.969257953824,3052.1450273168257,residual_equal,112692.53818809066,118968.4064488245,117967.1463,-5274.608111909329,0.6180555555555556
2025-04-02,65189.92596801076,3207.9170378057815,68397.84300581654,39034.26855310912,11975.729221337047,51009.997774446165,3861.3217484999536,residual_equal,114217.24238022411,120094.19236770507,117986.62945000001,-3769.3870697758975,0.7291666666666666
2025-04-03,66149.79702935612,571.8012197425855,66721.59824909871,39714.58689719643,2187.2537204394976,41901.84061763593,6761.901971236574,residual_equal,115086.78562192195,120986.04179453525,117884.45609999998,-2797.6704780780274,0.8402777777777778
2025-04-04,37664.32318916534,0.0,37664.32318916534,21046.84161630117,0.0,21046.84161630117,28139.518169166746,residual_equal,83593.11206386841,89479.49648229431,71735.75181666666,11857.360247201752,1.0
2025-04-05,35925.78581916232,0.0,35925.78581916232,19756.306331848828,0.0,19756.306331848828,20841.67083582899,residual_equal,80155.8959322718,86435.88788092863,72602.74256666665,7553.153365605147,1.0
2025-04-06,60462.442642086775,1358.7248553521272,61821.1674974389,35708.79984135492,5246.817497658505,40955.61733901343,3433.034591210233,residual_equal,109627.88520378797,116152.34596713647,117205.43058333332,-7577.54537954535,0.3263888888888889
2025-04-07,62291.420619368444,814.5436273662842,63105.96424673473,36855.58222810245,2482.964033149554,39338.546261252006,5812.721808071074,residual_equal,111166.2662964883,117752.92523143547,117015.14203333334,-5848.8757368450315,0.5833333333333334
2025-04-08,63567.55712283399,868.394802558367,64435.95192539236,37685.09949062259,3835.448166981725,41520.547657604315,5992.651079414795,residual_equal,113341.49957926053,119469.89919861052,117713.29026666665,-4371.7906874061155,0.6944444444444444
2025-04-09,63828.036663424704,2220.182778878072,66048.21944230277,38094.220718888886,7545.22907849303,45639.449797381916,2839.8821740716785,residual_equal,114767.12019329303,120551.95649555253,117677.52253333334,-2910.4023400403094,0.8680555555555556
2025-04-10,65462.97723126887,500.12718674359667,65963.10441801247,39113.515639443554,2125.9772884244885,41239.49292786804,7383.665909043237,residual_equal,115507.72645014229,121259.70203452624,117668.70068333333,-2160.9742331910384,0.8680555555555556
2025-04-11,37231.102974857764,0.0,37231.102974857764,20667.4403955117,0.0,20667.4403955117,28845.217920589,residual_equal,83866.56705522255,89577.5834501622,72091.99674999999,11774.570305222558,1.0
2025-04-12,35628.864696259785,1.7860785095444953,35630.65077476933,19484.7290185564,3.8186358534061307,19488.54765440981,23565.49022476934,residual_equal,80659.62941558917,86755.25566365852,71957.17576666665,8702.453648922514,0.9930555555555556
2025-04-13,60084.03065108841,1618.301410085462,61702.332061173875,35343.32791117363,6795.622534994728,42138.950446168354,3532.511539069747,residual_equal,109738.7041586669,116160.82318903095,117283.0622,-7544.358041333107,0.3819444444444444
2025-04-14,61177.23316905043,720.9450621418603,61898.17823119229,36082.92224130997,2556.9811101483624,38639.903351458335,5403.984187493322,residual_equal,111301.90678514563,117780.43205481349,117901.37268333332,-6599.4658981876855,0.4722222222222222
2025-04-15,62634.72607134892,356.89370190785604,62991.61977325678,37120.38096045596,1455.6596670828112,38576.040627538765,8809.629941004692,residual_equal,113697.79936702731,119820.33008079832,117056.90516666666,-3359.10579963935,0.8263888888888888
2025-04-16,63451.030777007065,724.8762215249576,64175.906998532024,37646.035454996,2125.55695643511,39771.59241143111,4364.044504246165,residual_equal,114969.01250661141,120792.308284091,117924.88506666667,-2955.872560055257,0.8194444444444444
2025-04-17,63862.44208203019,117.685092297915,63980.1271743281,37912.888036966644,439.3352951445971,38352.22333211124,7071.0579317332285,residual_equal,115669.45048045916,121425.61765961094,117487.04263333333,-1817.5921528741746,0.9166666666666666
2025-04-18,36158.289894122005,0.0,36158.289894122005,19913.513278948783,0.0,19913.513278948783,26764.172710788665,residual_equal,84074.15133885341,89806.90086148663,71490.16935,12583.981988853411,1.0
2025-04-19,34285.140050430055,9.730501092953887,34294.87055152301,18541.39883795075,20.803811336735407,18562.202649287487,24470.19130152301,residual_equal,80663.47935643936,86815.9018901441,71905.41535,8758.064006439366,0.9930555555555556
2025-04-20,58078.13097621979,1616.6127422717825,59694.743718491576,34068.19539489355,7005.196149467603,41073.39154436115,3991.0546089915115,residual_equal,109752.5672710854,116205.21295011701,117197.81635000001,-7445.24907891461,0.3819444444444444
2025-04-21,59749.61423569835,555.7119719222371,60305.32620762059,35103.816659641234,1917.8888286126034,37021.705488253836,7953.490797231196,residual_equal,111613.24981468188,118178.62987871203,118481.63788333333,-6868.388068651446,0.4583333333333333
2025-04-22,60706.92539773819,684.097075683363,61391.02247342155,35958.65849303522,2183.896493195471,38142.55498623069,5373.815228604892,residual_equal,113670.53250433746,119888.29307069095,117811.00101666668,-4140.468512329215,0.7361111111111112
2025-04-23,62366.997046366705,306.5841103936167,62673.58115676032,36834.51439568802,831.0977502520743,37665.6121459401,7340.328250957831,residual_equal,115320.7379414994,121204.26869757725,118030.51476666666,-2709.7768251672533,0.8472222222222222
2025-04-24,61835.44529766528,24.813546219025284,61860.25884388431,36584.96223449544,103.6801835524589,36688.6424180479,10867.428982241167,residual_equal,115838.79798421563,121659.79370138056,117497.77966666665,-1658.9816824510199,0.9166666666666666
2025-04-25,35071.03370878447,0.0,35071.03370878447,19063.445927693818,0.0,19063.445927693818,30030.676058784466,residual_equal,84140.7442975794,89920.77291754994,71763.32119999999,12377.423097579405,1.0
2025-04-26,33263.19051391767,0.0,33263.19051391767,17725.955277508292,0.0,17725.955277508292,30150.47028946342,residual_equal,80805.59794379136,86985.47818877184,72100.92436666666,8704.673577124704,1.0
2025-04-27,54667.318963556885,2585.647805670587,57252.966769227474,31935.728115172336,11115.46917264555,43051.197287817886,5000.416637554412,residual_equal,109833.99189370929,116329.77890421655,117032.52253333331,-7198.530639624019,0.4583333333333333
2025-04-28,56597.15113038603,5356.373238352586,61953.52436873862,33274.980687588366,19875.97960220874,53150.960289797105,1565.1175606171603,residual_equal,112051.10192705355,118617.75778906202,117537.3008,-5486.19887294645,0.6666666666666666
2025-04-29,58994.77506748501,705.2424468472909,59700.0175143323,34850.003043692435,2958.8071452026943,37808.81018889513,8572.200426780095,residual_equal,113698.7054881452,119839.13596366749,117252.75871666666,-3554.0532285214576,0.8819444444444444
2025-04-30,59767.99627747381,612.9369438802561,60380.93322135406,35484.36285269307,2191.0404404461824,37675.40329313925,8431.344211595479,residual_equal,115297.50788476903,121078.23892100208,117682.88071666665,-2385.372831897621,0.875
2025-05-01,60024.16245030284,2302.2321486397354,62326.39459894258,35764.422380711476,10589.073554082988,46353.49593479447,7627.564982449449,residual_equal,115655.43961387088,121335.44664322221,120364.58391666666,-4709.144302795772,0.6527777777777778
2025-05-02,35346.154108777286,44.112600600244036,35390.26670937753,19537.255808265025,138.4439314063091,19675.699739671334,18059.94662604419,residual_equal,84391.74026400795,90065.85397592458,74761.02673333333,9630.71353067462,0.9722222222222222
2025-05-03,33959.754080915576,110.7898956605033,34070.54397657608,18506.671668340172,516.9811169338466,19023.65278527402,22163.372326576075,residual_equal,81359.73499814922,87324.99201446553,74894.84928333333,6464.885714815886,0.9305555555555556
2025-05-04,56941.303341314924,3330.6671424692317,60271.97048378416,33662.79359254219,14006.576524535412,47669.370117077604,4815.529774717324,residual_equal,110496.39213492391,116710.57885296902,120670.08423333333,-10173.692098409418,0.1736111111111111
2025-05-05,59147.879049364914,3571.4945607057016,62719.373610070616,35144.319714592,16109.14646639294,51253.466180984935,4013.0898837659843,residual_equal,113085.5526769418,119427.38781617263,120612.16386666667,-7526.611189724863,0.4166666666666667
2025-05-06,60054.09445833219,2348.900368097708,62402.9948264299,35858.92070516247,10047.782989492767,45906.70369465524,5837.563312197529,residual_equal,114819.8655673885,120841.5894282859,121017.1901,-6197.324532611514,0.5347222222222222
2025-05-07,62302.79008352371,1808.3306507374568,64111.12073426117,37012.05062670974,8288.895707483853,45300.94633419359,5164.404857437361,residual_equal,116674.8472541071,122461.3660004583,121160.21501666665,-4485.367762559559,0.6597222222222222
2025-05-08,63827.6804798668,1715.5886114312052,65543.269091298,38528.34750981684,6295.2261185265015,44823.57362834334,5731.817989111915,residual_equal,118041.2802760763,123845.25544589668,120445.47738333333,-2404.1971072570304,0.8402777777777778
2025-05-09,37433.084450412425,0.0,37433.084450412425,21242.461004332796,0.0,21242.461004332796,25893.564805535418,residual_equal,86511.59161620449,92298.33868647859,74253.82545,12257.766166204485,1.0
2025-05-10,35516.19328862858,0.0,35516.19328862858,19842.17255933565,0.0,19842.17255933565,20355.148005295247,residual_equal,83093.84685867306,89318.33499341262,74647.98705,8445.859808673064,1.0
2025-05-11,59504.11347397349,2801.995484725826,62306.10895869932,35451.714071043745,11011.097051998599,46462.811123042346,3044.0828733922654,residual_equal,112227.9039328603,118728.8663075545,120743.09041666666,-8515.186483806363,0.3333333333333333
2025-05-12,62427.838714899735,1873.992192106947,64301.83090700668,37290.21476986613,6271.890320177765,43562.10509004389,8451.231220958183,residual_equal,114501.32614574896,121140.09273365341,120448.60361666666,-5947.277470917703,0.5694444444444444
2025-05-13,63694.509208173506,370.45185638451807,64064.961064558025,38154.50295389084,1626.2016318093533,39780.704585700194,7034.770341900663,residual_equal,116275.32598084235,122581.82361523373,120269.6316,-3994.305619157647,0.7569444444444444
2025-05-14,64764.52264308288,293.34926017189116,65057.87190325477,38852.994723303345,949.7457597634432,39802.74048306679,8160.56205348724,residual_equal,117899.44772422856,123875.92534428989,120592.00526666667,-2692.5575424381095,0.8333333333333334
2025-05-15,65415.28441783869,650.8813071895813,66066.16572502827,39510.86456716772,2524.2162790207035,42035.08084618842,9443.915748313102,residual_equal,118809.18511438806,124719.1313972822,119598.30981666666,-789.1247022785974,0.8888888888888888
2025-05-16,37240.643329257844,0.0,37240.643329257844,21416.265148475257,0.0,21416.265148475257,31485.136795924507,residual_equal,87027.26039264275,92952.79534958857,74681.34474999999,12345.915642642765,1.0
2025-05-17,35425.133712745315,5.6573773971496735,35430.79109014246,20059.766469240756,12.188758324675467,20071.95522756543,21941.470509332084,residual_equal,83777.31908195204,90100.49011350983,75274.53043333333,8502.788648618705,0.9791666666666666
2025-05-18,59118.37947611636,2108.4459718938856,61226.82544801025,35544.20689713069,6829.3767189719,42373.58361610259,4085.5730232056762,residual_equal,113198.15877346808,119833.79997895572,120687.03700000001,-7488.878226531931,0.375
2025-05-19,61292.72747962597,378.6058421443142,61671.33332177029,36764.72973942136,1953.4590959043649,38718.18883532572,10608.416240342212,residual_equal,115197.44925858047,121937.0634802914,120072.38798333332,-4874.93872475285,0.7361111111111112
2025-05-20,62048.221882497695,1283.5734689533012,63331.79535145099,37297.63200614959,5120.7240734843745,42418.356079633966,5170.0174700660455,residual_equal,116981.27786192324,123294.68524998284,120437.57771666668,-3456.29985474344,0.7847222222222222
2025-05-21,63591.50972120311,677.5690092476116,64269.078730450725,38324.814967359926,2407.2329522559066,40732.047919615834,9242.264488298808,residual_equal,118596.60304734405,124617.59817068453,120283.05128333333,-1686.4482359892863,0.875
2025-05-22,63812.80403544474,95.35431787813172,63908.15835332287,38809.95853685157,397.96733511178167,39207.92587196335,9424.302762310359,residual_equal,119109.65671766948,125094.59352463557,119729.68001666667,-620.0232989971846,0.8958333333333334
2025-05-23,36846.453722114165,0.0,36846.453722114165,21305.611742215675,0.0,21305.611742215675,27384.117866129476,residual_equal,87609.3589741824,93514.2008344488,74983.38438333332,12625.974590849073,1.0
2025-05-24,35626.54867278041,0.0,35626.54867278041,20406.732114164945,0.0,20406.732114164945,28827.238364640645,residual_equal,84420.95254474401,90727.84908677352,74693.81781666668,9727.134728077333,1.0
2025-05-25,58673.57448369157,722.3164514778836,59395.89093516945,35503.87165248663,2942.844953805652,38446.716606292284,7277.590383553417,residual_equal,113712.20619879368,120337.84239361307,120319.8776,-6607.671401206331,0.4861111111111111
2025-05-26,59612.747092602476,2711.388266338322,62324.135358940795,36238.22605124093,9182.83574443592,45421.06179567685,4116.288904143423,residual_equal,115390.08266809712,122134.83023162407,119407.96936666666,-4017.886698569535,0.7777777777777778
2025-05-27,62032.64747451943,200.15711818103614,62232.804592700464,37746.556824678366,431.7418593222161,38178.29868400058,9239.524056762757,residual_equal,117250.10411674553,123551.67742985822,120046.82734999999,-2796.7232332544663,0.8263888888888888
2025-05-28,62592.366145875596,1258.2267883080112,63850.59293418361,38105.713395328916,3395.738948524461,41501.45234385338,7953.721227813516,residual_equal,118705.1422408799,124650.7202888166,119921.84721666668,-1216.704975786779,0.8958333333333334
2025-05-29,63173.42660219635,1006.1999947212445,64179.626596917595,38425.11860215461,3252.7731947667207,41677.89179692133,6389.457883171715,residual_equal,119020.15346013563,124966.0802133187,120439.31426666665,-1419.1608065310284,0.8819444444444444
2025-05-30,37394.0289991552,19.10036085762249,37413.12936001282,21621.789053641394,41.571935406615346,21663.36098904801,27776.896093346153,residual_equal,87915.64642762687,93865.659314834,74612.22448333332,13303.421944293543,0.9930555555555556
2025-05-31,35957.5040058286,113.8698125919795,36071.37381842058,20522.654297074525,243.44070913493692,20766.095006209463,24642.192268420586,residual_equal,84509.87970304875,90909.74719105866,74778.33258333334,9731.547119715411,0.9861111111111112
2025-06-01,59625.31202957316,15710.589636777724,75335.90166635088,35887.930616896396,60160.38470486897,96048.31532176537,486.4087014465018,residual_equal,113858.64215062652,120598.73463862896,128248.56003333333,-14389.91788270681,0.0763888888888889
2025-06-02,64377.49026861973,10576.922792676893,74954.41306129663,38751.64736331764,42689.29720897172,81440.94457228936,2521.1415649529235,residual_equal,116163.9352761481,122909.84608461641,128080.53698333332,-11916.601707185226,0.1736111111111111
2025-06-03,67136.06306030814,5987.145505041097,73123.20856534924,40725.72283058461,23470.521985636013,64196.24481622062,947.923163369668,residual_equal,118940.62720946586,125470.19726030869,128076.84056666668,-9136.213357200817,0.3333333333333333
2025-06-04,71885.319965334,4257.872569718378,76143.19253505238,43826.95686403683,14360.481755233657,58187.438619270484,2356.0651495741113,residual_equal,120830.25292515098,127416.44714281723,128539.84358333334,-7709.590658182351,0.4513888888888889
2025-06-05,74620.39322947698,3385.875773158015,78006.26900263499,45844.986603858815,11961.931669110161,57806.91827296898,2610.610071828414,residual_equal,121720.46458864064,128226.12350695518,128455.92066666666,-6735.456078026022,0.4583333333333333
2025-06-06,46291.904203672835,513.1165250612919,46805.020728734125,26672.648877450578,1940.7706884810764,28613.419565931654,12932.786428717613,residual_equal,90789.94116734971,97351.90154953787,82747.415,8042.526167349715,0.9791666666666666
2025-06-07,45236.67709183912,123.030607185521,45359.70769902464,25888.45575013217,382.3638817407055,26270.819631872873,11282.615481156026,residual_equal,87631.42447616838,94377.68857892207,83156.75975,4474.664726168383,0.9652777777777778
2025-06-08,78614.46256026762,1242.5956064511631,79857.0581667188,48471.16731855054,4884.702479616759,53355.8697981673,10411.807182458124,residual_equal,119399.55756216259,126279.41910171788,128266.94665,-8867.389087837408,0.3055555555555556
2025-06-09,78957.04605086494,1819.5919728485123,80776.63802371346,48860.46590426217,6832.88920218503,55693.3551064472,5591.230288956332,residual_equal,120985.94752904716,128212.94740653897,128169.18798333334,-7183.240454286177,0.4930555555555556
2025-06-10,81133.79014163828,1038.8656047889588,82172.65574642723,50500.60167070627,3448.9455670934703,53949.54723779974,6243.151842186378,residual_equal,123081.77465606961,130026.04071765371,127414.49178333332,-4332.717127263706,0.7152777777777778
2025-06-11,83415.27242481441,1826.141879256485,85241.41430407089,51933.09174785802,8394.241262363503,60327.333010221526,4806.2480278845305,residual_equal,124547.270444447,131252.84315019008,128236.67731666665,-3689.4068722196535,0.8125
2025-06-12,85287.53900075945,387.67485762594225,85675.2138583854,53547.00668064004,1459.1487315151257,55006.15541215517,8682.414560759586,residual_equal,125147.71715672704,131754.49552452718,127721.81298333332,-2574.0958266062808,0.8541666666666666
2025-06-13,54561.85252066916,0.0,54561.85252066916,31753.622008810875,0.0,31753.622008810875,22965.036275260696,residual_equal,93789.51959986234,100354.05526654082,81889.5904,11899.929199862338,1.0
2025-06-14,51557.0236270984,28.353399435361894,51585.377026533766,29854.906225540246,60.12338350268489,29915.02960904293,22244.251122531714,residual_equal,90422.74822128688,97371.51410737757,82253.15711666667,8169.591104620209,0.9930555555555556
2025-06-15,81283.86678444617,632.641378632434,81916.50816307862,50545.88998626185,2717.9507209158555,53263.840707177704,6944.632581592475,residual_equal,121255.5858835282,128502.9873648999,127368.88451666667,-6113.2986331384745,0.5277777777777778
2025-06-16,83553.94886670777,497.72801556352374,84051.67688227129,52306.500928206704,1771.8970425410496,54078.397970747756,6966.834980509886,residual_equal,122893.64622308209,130254.26323068285,127618.63201666666,-4724.985793584565,0.6666666666666666
2025-06-17,85256.2914195125,1089.9022460620447,86346.19366557455,53490.02803376918,4478.900138686075,57968.92817245526,7177.976497241884,residual_equal,124658.71048170551,131635.53620213518,127311.7546,-2653.0441182944924,0.875
2025-06-18,87052.81145991378,55.41445417262988,87108.2259140864,54727.78324173982,157.71197578576704,54885.49521752558,11537.60986017796,residual_equal,126323.580404876,132980.6397843899,126909.07891666668,-585.4985117906763,0.9166666666666666
2025-06-19,86886.56482147846,112.87805162702193,86999.44287310548,54752.800422937165,516.6123612653892,55269.412784202555,14154.566973948924,residual_equal,126722.80695915679,133333.58661502277,127349.06689999999,-626.2599408431997,0.8958333333333334
2025-06-20,55389.11848863432,0.0,55389.11848863432,32412.974726043794,0.0,32412.974726043794,29852.27423478818,residual_equal,95223.0974977151,101857.60540484337,81137.07971666666,14086.017781048446,1.0
2025-06-21,51668.198210785486,0.0,51668.198210785486,30040.986229077345,0.0,30040.986229077345,29399.08466419434,residual_equal,91838.49126369285,98935.26242658994,81408.0648,10430.426463692856,1.0
2025-06-22,80479.71160235169,270.2792874924048,80749.99088984409,49959.342483150176,988.6507238431648,50947.99320699334,8975.922412852164,residual_equal,121977.602871174,129405.60807535345,126539.46191666667,-4561.859045492674,0.7291666666666666
2025-06-23,81675.76275511654,216.2310349877557,81891.99379010429,50824.786563109825,788.0107877889973,51612.79735089882,10493.383352025267,residual_equal,123757.90380392541,131174.01934868228,126690.87308333332,-2932.9692794079165,0.7777777777777778
2025-06-24,82155.37697955038,3007.043433755159,85162.42041330553,51220.79611481553,12925.112558206882,64145.90867302241,4525.425181283713,residual_equal,125350.82285068354,132354.4410341385,127112.84501666666,-1762.022165983115,0.8680555555555556
2025-06-25,84031.9225828171,825.5736567186482,84857.49623953576,52563.79541460714,2792.9403181897947,55356.73573279694,10023.906099532367,residual_equal,126884.94095158283,133505.04620159674,126310.40843333333,574.5325182494998,0.9583333333333334
2025-06-26,84895.19469989932,6.520230672595346,84901.71493057192,53335.58283984137,33.19250025589474,53368.775340097265,12854.2868112252,residual_equal,127454.27085279283,134097.29165268294,126697.44536666665,756.8254861261812,0.9861111111111112
2025-06-27,53868.673477691336,0.0,53868.673477691336,31610.840119246714,0.0,31610.840119246714,30994.893892701108,residual_equal,95739.41694010355,102397.28146805303,79563.255,16176.161940103542,1.0
2025-06-28,50521.905005069035,3.1473187985138225,50525.052323867545,29468.12892330232,6.958721863514061,29475.087645165833,25733.665451300032,residual_equal,92259.0161966528,99442.35884703905,80661.5728,11597.443396652801,0.9930555555555556
2025-06-29,79553.16751079165,1498.6883223804346,81051.85583317209,49430.42707112714,4438.055864085187,53868.48293521233,7345.6385864768245,residual_equal,121771.87109025929,129325.78350823387,126384.80871666667,-4612.93762640738,0.7083333333333334
2025-06-30,81673.26583094057,979.8539479667897,82653.11977890736,51165.66240651386,3638.933198332644,54804.5956048465,8357.38037923928,residual_equal,123694.88618222871,131266.6920645322,125947.32058333333,-2252.4344011046196,0.8472222222222222
2025-07-01,84145.22572541342,4628.942953545255,88774.16867895867,52748.87812396171,15192.790795443554,67941.66891940526,5415.613643326687,residual_equal,125427.26793502041,132523.23761814937,141546.85106666666,-16119.583131646243,0.020833333333333332
2025-07-02,85235.92788335079,3278.953182214609,88514.8810655654,53594.23332055143,10524.233515506892,64118.466836058324,11117.991736403186,residual_equal,128444.87394501525,135438.47856842313,141198.65821666666,-12753.784271651413,0.1597222222222222
2025-07-03,85086.26035361466,3630.5619287308577,88716.82228234551,53665.78928148017,11980.96062435639,65646.74990583656,4504.830624773603,residual_equal,130307.21435718049,137231.23878797726,141565.53863333332,-11258.324276152824,0.16666666666666666
2025-07-04,53353.57505312947,259.6583311742626,53613.233384303734,31846.157942888876,580.6774553450527,32426.83539823393,21666.86548794905,residual_equal,99153.92285693719,106045.35886862982,95795.06574999998,3358.857106937212,0.9027777777777778
2025-07-05,49193.720730799665,414.7678450982967,49608.488575897965,29222.014317232744,1058.740096329354,30280.7544135621,17906.882678820897,residual_equal,96817.93150542218,103634.80562177295,95872.83489999997,945.0966054222081,0.8541666666666666
2025-07-06,77611.18266709245,8017.793707991359,85628.9763750838,47831.563114173565,32657.39867361357,80488.96178778714,1627.6504822068755,residual_equal,126491.47165077129,133348.97733970842,141244.57465,-14753.102999228708,0.05555555555555555
2025-07-07,78576.37803719017,3605.777217155386,82182.15525434555,48737.46631528162,12272.55505174897,61010.02136703059,4470.761938823362,residual_equal,128736.52945352887,135714.01758335432,141495.39414999998,-12758.864696471108,0.11805555555555555
2025-07-08,83411.15964626476,1871.5406839040506,85282.70033016881,52225.93600225019,7520.687643989456,59746.62364623965,5448.003089770822,residual_equal,135346.58966089,142568.2796493723,141285.22699999998,-5938.637339109991,0.5902777777777778
2025-07-09,83891.85270097559,901.3812233983115,84793.2339243739,52720.20287137933,3389.5321832154705,56109.73505459481,6476.180029874364,residual_equal,136448.0133749515,143665.98726426667,140590.70496666664,-4142.691591715149,0.7430555555555556
2025-07-10,85385.94469931381,613.6622944037828,85999.60699371759,53924.86922057069,1816.786937643742,55741.656158214435,8839.473059815089,residual_equal,137261.63955246774,144376.1855420061,140463.54224999997,-3201.902697532234,0.7847222222222222
2025-07-11,53079.50284438966,20.420228059860392,53099.92307244952,32534.719883897174,45.76511699122832,32580.485000888402,17593.46908404829,residual_equal,105307.91234830752,112477.05489713328,94741.08840000001,10566.823948307516,0.9930555555555556
2025-07-12,50427.26756461589,15.396231985630493,50442.66379660152,30685.513163785763,32.40137021375937,30717.914533999523,16378.543243915074,residual_equal,102138.277740569,109568.78828073503,95318.37109999999,6819.90664056901,0.9930555555555556
2025-07-13,79670.81394825928,1212.667320096735,80883.48126835602,49585.98161036024,5495.377400995179,55081.359011355424,7508.3607365811295,residual_equal,131364.19516956952,138987.49906890624,139893.36648333332,-8529.1713137638,0.3888888888888889
2025-07-14,80246.1080661748,1041.1147659490612,81287.22283212387,50088.931914462824,4805.521458261779,54894.4533727246,5354.536446152476,residual_equal,133245.06940972953,141299.3142345405,141062.42346666666,-7817.354056937125,0.5416666666666666
2025-07-15,84737.64572535091,1591.344332022528,86328.99005737345,53425.88216343338,4408.461804570192,57834.34396800357,9328.025835190214,residual_equal,138502.62623248884,146263.0940357868,139545.16266666667,-1042.5364341778331,0.9027777777777778
2025-07-16,85286.20183667904,954.143055312871,86240.34489199192,53715.82715063586,3304.1851905670474,57020.012341202906,9892.982729662559,residual_equal,139333.01278249864,146807.97676284044,140365.26538333332,-1032.2526008346758,0.8888888888888888
2025-07-17,85740.24884961723,716.4492352490078,86456.69808486624,54227.88732678625,3112.958795570774,57340.84612235703,9532.536633303163,residual_equal,140120.69771427,147668.1781287739,139569.15928333334,551.5384309366636,0.9444444444444444
2025-07-18,54323.563915332576,29.736459573537104,54353.30037490611,33663.14156755706,65.74551481678868,33728.88708237385,20097.362243575706,residual_equal,108269.2327095854,115902.33053806954,93698.0732,14571.159509585399,1.0
2025-07-19,52155.25548900157,35.551867300603476,52190.80735630217,32091.459240421653,76.00989228869022,32167.469132710343,21967.988306302173,residual_equal,105047.03123005685,113078.91690252321,94564.52239999999,10482.50883005686,0.9930555555555556
2025-07-20,80343.12745319022,1378.1120660192528,81721.23951920947,50418.66636864136,4592.613853954581,55011.28022259594,5645.314216349535,residual_equal,134051.40547204023,142408.19111801012,138750.53876666666,-4699.13329462643,0.7708333333333334
2025-07-21,82655.37625155228,1310.3571156078267,83965.73336716011,51935.5140925506,4753.157134074023,56688.67122662462,5941.109564871449,residual_equal,136168.14732690994,144632.70435055942,138442.8198,-2274.6724730900605,0.9097222222222222
2025-07-22,86881.96770177412,575.9953349045225,87457.96303667864,54776.82235278449,2408.4982994449892,57185.32065222948,9474.169189867942,residual_equal,139656.5496630246,147646.89412210282,139514.85881666664,141.69084635796025,0.9791666666666666
2025-07-23,87893.12736401582,389.2131481452294,88282.34051216104,55573.739093798366,1555.9524002413561,57129.69149403972,9877.616502631237,residual_equal,141033.31117419063,148641.4252808906,139450.03365,1583.2775241906347,0.9861111111111112
2025-07-24,88967.68839133572,709.0048130172097,89676.69320435292,56511.738352084634,2943.417848181225,59455.15620026586,11774.2052875956,residual_equal,141490.7494299949,149134.02050337536,138902.21751666666,2588.5319133282464,0.9930555555555556
2025-07-25,58029.15943386606,0.0,58029.15943386606,35676.435857144315,0.0,35676.435857144315,28445.275917036546,residual_equal,109757.5350710883,117454.16231828074,92354.83968333332,17402.695387754982,1.0
2025-07-26,54455.22479271111,0.0,54455.22479271111,33662.890087581094,0.0,33662.890087581094,23036.76895357108,residual_equal,106542.30429853908,114784.25897775959,93187.68993333333,13354.61436520575,1.0
2025-07-27,83292.88938247823,1390.6891683267572,84683.57855080499,52295.35046677537,6451.0612189857475,58746.41168576112,6927.817543194771,residual_equal,135176.42989773452,143771.17365991953,138110.19628333332,-2933.7663855988067,0.8819444444444444
2025-07-28,85510.58105076433,2261.8000221972234,87772.38107296155,53801.99985450621,8662.804844351685,62464.8046988579,5581.445029600388,residual_equal,137159.25549845578,145671.57421965597,138228.99843333333,-1069.7429348775477,0.9305555555555556
2025-07-29,88420.83224675768,1320.5057073102398,89741.33795406792,55897.13742166502,4558.327347624148,60455.464769289174,9421.636350663885,residual_equal,140062.92248772588,148043.42256385618,138314.74511666666,1748.1773710592242,0.9791666666666666
2025-07-30,90179.51985220905,198.11298701101083,90377.63283922007,57142.10478935387,872.4607907954935,58014.56558014936,12031.045455886728,residual_equal,141431.64619134582,149026.43800955883,138424.36443333334,3007.281758012483,1.0
2025-07-31,90708.7978228917,154.31939624601426,90863.11721913773,57634.95152381783,730.1843253904335,58365.135849208265,11924.787619137729,residual_equal,141690.72951442056,149379.67888014595,137423.31371666666,4267.4157977539,0.9930555555555556
2025-08-01,59736.53902334271,0.0,59736.53902334271,36478.848845231914,0.0,36478.848845231914,35279.178662563216,residual_equal,109758.02362495086,117539.43115446321,92719.42409999997,17038.599524950885,1.0
2025-08-02,56158.05018317462,6.737387452748408,56164.78757062737,34330.539948751044,14.404534373976094,34344.94448312502,32189.46592765065,residual_equal,106271.67476669606,113981.83884241428,91562.24421666667,14709.430550029385,0.9930555555555556
2025-08-03,83667.12321083844,254.99558593711083,83922.11879677555,52518.47151093623,1115.9799526362706,53634.4514635725,16889.93586633742,residual_equal,134317.59922362302,142114.59621726372,138062.48614999998,-3744.8869263769593,0.8333333333333334
2025-08-04,83333.83638823178,36.60018285553258,83370.43657108731,52409.60222258656,79.8615989907721,52489.46382157733,13825.714757836442,residual_equal,135946.66903906225,143419.6362573902,138312.10695,-2365.4379109377332,0.875
2025-08-05,81412.99687116724,7.009194939106919,81420.00606610635,51311.474007618104,31.779689853910778,51343.25369747201,12179.656652842386,residual_equal,137448.76484677225,144778.65324928012,136458.49728333333,990.2675634389161,0.9722222222222222
2025-08-06,81331.7950870652,1038.9891106560633,82370.78419772127,51349.16067909455,4204.549710750163,55553.71038984472,10192.94868669902,residual_equal,138348.53130063196,145524.78583680445,136716.08779999998,1632.4435006319836,0.9791666666666666
2025-08-07,80220.19814837287,157.90641162203357,80378.10455999491,50752.3886098032,462.20702475347645,51214.59563455668,12974.180942966308,residual_equal,137941.95956220583,144924.55426276338,136850.75446666667,1091.2050955391605,0.9513888888888888
2025-08-08,51940.33439877037,0.0,51940.33439877037,32054.97713618873,0.0,32054.97713618873,33125.16314877037,residual_equal,106053.25826336782,112896.30750421892,90703.21611666668,15350.042146701147,1.0
2025-08-09,49621.48268676251,0.0,49621.48268676251,30378.012744730055,0.0,30378.012744730055,27659.553686762512,residual_equal,102208.59044261067,109308.11430730383,90303.83174999998,11904.758692610689,1.0
2025-08-10,72125.72308361797,1797.6088695132871,73923.33195313126,45598.99989429208,6376.5684985929765,51975.568392885056,4823.961866897971,residual_equal,130995.72335906468,138344.76333043692,136535.44471666665,-5539.721357601971,0.6458333333333334
2025-08-11,74544.54140518895,905.2857357604894,75449.82714094945,47019.4443410637,4008.444210983187,51027.88855204689,7121.6359796780525,residual_equal,132781.20005716174,140026.1691219418,136422.26351666666,-3641.0634595049196,0.7916666666666666
2025-08-12,75881.87884705373,1667.3283358230146,77549.20718287674,47857.117603726634,6814.555370044796,54671.672973771434,5878.403144036792,residual_equal,133919.18508776205,140937.4735758939,136637.5967,-2718.411612237949,0.8402777777777778
2025-08-13,77684.97047822058,741.7469348156181,78426.7174130362,49063.3065104165,2642.2791296877076,51705.58564010421,8358.969405868518,residual_equal,135254.4520393565,142156.57644201408,136547.99718333333,-1293.5451439768367,0.8958333333333334
2025-08-14,77896.08443433636,454.6213651162355,78350.7057994526,49083.390662110294,2143.432507365357,51226.823169475654,8441.848395944166,residual_equal,135358.19674284992,142116.66632203615,135936.05536666667,-577.8586238167481,0.9097222222222222
2025-08-15,50116.690695837846,0.0,50116.690695837846,30809.722132164417,0.0,30809.722132164417,29916.963812504517,residual_equal,103474.9804403924,110152.80802624686,89968.05776666666,13506.922673725741,1.0
2025-08-16,48297.28458919957,0.0,48297.28458919957,29533.216207549296,0.0,29533.216207549296,28327.066075449533,residual_equal,99613.30706172601,106638.37271479605,90183.53034999999,9429.776711726023,1.0
2025-08-17,72527.72714799052,1208.3861982127687,73736.11334620329,45635.20519615692,5395.462265486248,51030.66746164317,6824.264092230869,residual_equal,128913.52087867365,136093.17097879545,135369.1165,-6455.595621326356,0.5416666666666666
2025-08-18,74022.5895438876,928.5477743259959,74951.1373182136,46582.55232998046,4055.6436534668055,50638.195983447265,6700.100233776293,residual_equal,130634.35619742802,137869.97330188635,135710.17471666663,-5075.818519238615,0.6944444444444444
2025-08-19,75344.64382366653,715.4172340312622,76060.06105769779,47521.1744905044,2908.534138458019,50429.70862896242,7796.970440538186,residual_equal,132123.85385112016,139156.89634185052,135364.48288333334,-3240.6290322131827,0.7777777777777778
2025-08-20,76043.4280162913,2616.443886765619,78659.87190305692,48011.413569225086,9887.106569368108,57898.520138593194,4041.0610814223687,residual_equal,133382.16987004405,140190.27568099234,135048.05366666664,-1665.8837966225983,0.875
2025-08-21,77054.10599515279,752.0450635803909,77806.15105873317,48685.566672098925,2531.742752521687,51217.30942462061,7831.367950703972,residual_equal,133500.2452031696,140148.93207802525,134971.7989,-1471.5536968304077,0.9027777777777778
2025-08-22,49724.56498207929,3.891276552557997,49728.45625863185,30529.728792879465,8.518004373549456,30538.246797253014,25457.886858631853,residual_equal,101753.59459099617,108253.5657238675,90531.7304,11221.864190996173,0.9930555555555556
2025-08-23,47872.48268755269,0.0,47872.48268755269,29237.37579232656,0.0,29237.37579232656,22294.939352756643,residual_equal,98162.49732330722,104969.12089365596,89697.14623333335,8465.351089973876,1.0
2025-08-24,72534.98040394436,1853.7394820371799,74388.71988598154,45641.717352991225,7700.187954319636,53341.90530731086,6822.228359961338,residual_equal,127479.30731175048,134519.9329064596,135068.0714,-7588.764088249503,0.4305555555555556
2025-08-25,74883.29857447234,3262.3253583025235,78145.62393277486,47158.377425746716,11768.613078895647,58926.99050464237,3328.9516088769124,residual_equal,129410.63077535076,136618.65690136305,134511.61375000002,-5100.982974649261,0.7152777777777778
2025-08-26,77295.60304802268,467.03042360661846,77762.63347162929,48658.60578742319,1744.3658390764235,50402.97162649962,8113.224047656873,residual_equal,130850.24634612651,137687.01389892717,134368.96393333332,-3518.7175872068037,0.75
2025-08-27,78319.23400808994,360.97172641352535,78680.20573450347,49424.47085663793,1584.0571535741933,51008.52801021212,6556.916386275537,residual_equal,132071.02592946644,138633.78595560376,133788.3821,-1717.356170533545,0.8958333333333334
2025-08-28,78485.48546011436,2769.251629261865,81254.73708937623,49733.32894631643,10193.677588731454,59927.00653504788,6266.742888580871,residual_equal,132321.97734069877,138773.03176890843,134543.81656666665,-2221.8392259678803,0.7777777777777778
2025-08-29,50719.97242107245,0.0,50719.97242107245,31337.51566980479,0.0,31337.51566980479,25074.811587822765,residual_equal,101061.324180462,107480.70475988279,88328.33255,12732.991630461998,1.0
2025-08-30,48799.603923094575,34.409576580732846,48834.01349967531,29929.800555867972,73.08260042161687,30002.88315628959,27271.35825809924,residual_equal,97125.42625520579,103904.08452168033,89025.08758333333,8100.338671872465,0.9861111111111112
2025-08-31,73767.43717889897,1482.0889748723557,75249.52615377132,46605.08113818313,5609.4199955516915,52214.50113373482,4554.801379862496,residual_equal,126435.65540513469,133500.42436225098,133365.35983333332,-6929.704428198631,0.5208333333333334
2025-09-01,76120.58318044084,214.88183058716572,76335.465011028,48034.71079117685,774.4129959003033,48809.12378707715,18618.30751712453,residual_equal,128135.15405388788,135283.79234963102,121263.61926666666,6871.534787221215,0.9791666666666666
2025-09-02,75851.18307484029,4.298495919102777,75855.4815707594,47787.87117135641,18.14395127453282,47806.015122630946,17663.158622285857,residual_equal,128231.22967854349,135267.47711689112,121532.82415,6698.405528543488,0.9930555555555556
2025-09-03,76027.06643267159,16.378361952243495,76043.44479462384,47897.98717755265,58.88462523544809,47956.8718027881,16344.477256007542,residual_equal,128261.65409130519,135202.76141547263,121433.71643333335,6827.937657971837,0.9861111111111112
2025-09-04,75795.92673288213,19.80075820161528,75815.72749108374,47746.00340754061,81.88603554277998,47827.88944308339,17739.147816227967,residual_equal,128024.06817819942,135059.49355073192,121061.17303333334,6962.895144866081,1.0
2025-09-05,48155.153864275984,0.0,48155.153864275984,29438.77580816031,0.0,29438.77580816031,38199.69859518995,residual_equal,95690.85623832443,102813.55877435807,75132.98044999999,20557.87578832444,1.0
2025-09-06,45880.19806635988,0.0,45880.19806635988,27841.597756992676,0.0,27841.597756992676,35119.114366359885,residual_equal,91515.14564739761,99308.96020241888,75826.37416666666,15688.771480730953,1.0
2025-09-07,68657.55624010123,668.8593852795188,69326.41562538075,43085.92596382632,2774.495555295661,45860.42151912198,10452.780541693297,residual_equal,119878.5889701515,128153.5868425366,120781.00903333334,-902.4200631818385,0.8541666666666666
2025-09-08,67116.58246284166,1904.036922875797,69020.61938571745,41642.39328843216,7514.277415955708,49156.67070438787,5616.345177415285,residual_equal,117789.59347671931,126129.1089271196,121400.59243333334,-3610.9989566140284,0.8611111111111112
2025-09-09,69522.22738675424,188.1739955102612,69710.4013822645,43240.07919768432,706.8035989274235,43946.88279661174,12487.102067975735,residual_equal,119554.8092924257,127527.9494679582,121082.23558333333,-1527.4262909076206,0.9652777777777778
2025-09-10,70823.93745872236,1343.6207876431636,72167.55824636552,44297.59221211601,5571.497275701871,49869.08948781788,6718.206806981005,residual_equal,120607.04587843857,128293.88353101237,121274.78848333334,-667.7426048947673,0.9652777777777778
2025-09-11,71903.27329653031,87.48439298239072,71990.7576895127,45012.821560709424,468.9663553810666,45481.78791609049,14331.697073571459,residual_equal,121077.52286943517,128667.81247291832,120746.77835,330.7445194351749,0.9791666666666666
2025-09-12,44603.483560134504,0.0,44603.483560134504,26760.067999995663,0.0,26760.067999995663,29869.5122834825,residual_equal,89339.035170884,96836.54230420932,75687.22711666666,13651.808054217341,1.0
2025-09-13,43099.45460500005,0.0,43099.45460500005,25633.847807899823,0.0,25633.847807899823,31977.719654721976,residual_equal,85927.94254712893,93762.90132551765,75063.58311666666,10864.359430462267,1.0
2025-09-14,66244.2404420072,1581.7773079842593,67826.01774999146,41111.721683256386,5713.827494886148,46825.54917814254,3641.935173811628,residual_equal,114484.1845381852,122629.77570284603,121237.69566666664,-6753.511128481434,0.6597222222222222
2025-09-15,66840.26370302822,755.0319023069997,67595.29560533522,41245.56820131479,2838.855634935501,44084.42383625029,8434.015540308188,residual_equal,113841.17766800191,121914.88121847776,120760.02988333334,-6918.852215331426,0.6111111111111112
2025-09-16,67119.21545726819,1732.4788736761761,68851.69433094436,41894.079739649256,4475.931764803585,46370.01150445284,5251.532435403931,residual_equal,115528.5645003713,123377.11582773442,121843.35746666667,-6314.792966295368,0.6666666666666666
2025-09-17,69609.59948715071,642.9268090648974,70252.52629621561,43304.087751918865,2403.708752098727,45707.79650401759,6175.141366278285,residual_equal,116888.36478831206,124549.51849761233,120924.795,-4036.4302116879408,0.8680555555555556
2025-09-18,69769.35102457937,171.43334974117735,69940.78437432054,43540.83992735803,722.957945861194,44263.79787321922,6875.218336839014,residual_equal,117292.45772810758,124791.66700747337,120804.11636666665,-3511.658638559078,0.8958333333333334
2025-09-19,43034.40688366403,5.7470390421802335,43040.15392270621,25429.136548005314,12.450960084883476,25441.587508090197,23629.896975577853,residual_equal,85820.2707396332,93093.99003410603,75287.12646666665,10533.144272966543,0.9930555555555556
2025-09-20,41027.7600800052,13.834903253727418,41041.59498325893,23994.088367448712,30.14703312620817,24024.235400574922,22191.336536331735,residual_equal,82237.64889753837,89721.6755918723,75330.72763333333,6906.921264205041,0.9861111111111112
2025-09-21,66207.46998718464,1928.2254772547371,68135.69546443937,40747.73410503287,6740.780098329447,47488.51420336231,5742.769532465757,residual_equal,111305.57723376402,118956.60120069346,120862.28298333334,-9556.705749569315,0.3125
2025-09-22,66276.15473128216,2193.0983162995813,68469.25304758175,40786.79728860191,7729.908117560026,48516.70540616194,3753.260653077823,residual_equal,111387.1206443108,119230.86419552205,121218.04173333333,-9830.921089022537,0.3333333333333333
2025-09-23,68700.10043877832,1414.8957153411764,70114.9961541195,42538.014735478806,5932.412061215037,48470.42679669384,3884.011605821078,residual_equal,113504.92281362654,121253.6254238023,121182.28133333335,-7677.358519706802,0.5
2025-09-24,69840.63851717915,947.5197130074546,70788.1582301866,43438.91474468562,2881.3734606365656,46320.28820532219,5603.023518822396,residual_equal,114617.11808917201,122206.43484660001,121014.19341666666,-6397.075327494647,0.625
2025-09-25,70329.9612557664,1035.7129969356558,71365.67425270205,43862.10054517633,3580.550193448167,47442.65073862449,6914.428962597707,residual_equal,115076.44175538051,122608.49941062077,120546.34715,-5469.905394619491,0.6875
2025-09-26,42399.02575565582,0.0,42399.02575565582,24839.859790310904,0.0,24839.859790310904,21312.22959342975,residual_equal,83628.90652108041,91098.20164934022,74194.35371666666,9434.552804413746,1.0
2025-09-27,40271.57803819352,76.72019680547567,40348.29823499899,23329.088536115196,164.27664132949454,23493.36517744469,19261.930788550635,residual_equal,80018.76952986991,87705.31064195468,75945.77174999999,4072.9977798699256,0.9652777777777778
2025-09-28,65021.85573178198,3528.701570986278,68550.55730276825,39851.55223367456,13983.133209662297,53834.68544333686,961.6830362742228,residual_equal,109353.7793112332,117087.30567111845,120389.61958333333,-11035.840272100133,0.20833333333333334
2025-09-29,67041.79775834826,2292.7575046050015,69334.55526295326,41209.63745486138,8870.637627465327,50080.27508232671,2461.288838014675,residual_equal,110416.53452852395,118255.04580643261,121111.41479999998,-10694.880271476039,0.25
2025-09-30,69568.72264142791,2362.232377750628,71930.95501917854,43141.13546137431,9136.936970549425,52278.072431923734,2377.7874709708976,residual_equal,112548.34742818896,120279.37987187572,120916.45506666666,-8368.107638477697,0.4097222222222222
2025-10-01,71322.22157681372,195.20486547352743,71517.42644228725,44258.973943087905,424.5211779298156,44683.495121017724,17712.316369424563,residual_equal,113733.6097373402,121413.78601587897,117218.45471666666,-3484.844979326459,0.8125
2025-10-02,70938.97802981717,295.86725688447086,71234.84528670165,44028.113739702014,666.6589681652317,44694.77270786725,15362.349169911062,residual_equal,113703.70026899102,121244.96304630174,117231.70978333332,-3528.0095143423096,0.7638888888888888
2025-10-03,41496.54961400174,0.0,41496.54961400174,23809.455281801314,0.0,23809.455281801314,30229.65313936294,residual_equal,82208.49222885877,89627.75038854303,71524.19113333333,10684.301095525443,1.0
2025-10-04,39419.91544150366,0.0,39419.91544150366,22419.652491565525,0.0,22419.652491565525,23012.43076759558,residual_equal,79274.572929023,86903.9943524485,72397.41483333331,6877.15809568968,1.0
2025-10-05,64154.28653794737,927.6195421643068,65081.90608011168,39139.660940839996,2490.358462326558,41630.01940316655,6254.248290596455,residual_equal,108465.24948745199,116186.64762238979,117604.42089999998,-9139.171412547992,0.3472222222222222
2025-10-06,64050.01021460407,1335.5735553526188,65385.58376995669,39345.201456765135,3673.917579250976,43019.11903601611,3557.7289587579126,residual_equal,110807.76737964009,118441.44710793627,117896.13613333332,-7088.368753693227,0.5347222222222222
2025-10-07,65585.17131397601,857.0029902262095,66442.17430420221,40461.057244079,2506.9258679823515,42967.98311206135,4572.086270364736,residual_equal,112969.40392500663,120005.3109443958,117357.17863333331,-4387.774708326688,0.7777777777777778
2025-10-08,65444.91668297052,903.4792871705305,66348.39597014105,39990.61897374368,2714.3717105051696,42704.99068424885,5774.077829912366,residual_equal,113328.2979636927,119833.8739851239,117391.06235,-4062.764386307288,0.8194444444444444
2025-10-09,67012.07733056687,211.19889033942587,67223.2762209063,41105.006896826024,655.0733182358945,41760.08021506192,7378.653610235944,residual_equal,114042.02844549611,120456.50877412569,117432.98973333335,-3390.9612878372427,0.8472222222222222
2025-10-10,40686.167216166796,0.0,40686.167216166796,22922.253839078534,0.0,22922.253839078534,27876.06859009963,residual_equal,82569.1804298884,88953.66851122273,72371.53011666666,10197.650313221733,1.0
2025-10-11,39546.85282327897,13.769080103120245,39560.62190338209,22045.24199132278,29.422310922255733,22074.664302245033,22028.237962004754,residual_equal,79838.30067771728,86549.51149449157,71790.96475,8047.335927717286,0.9861111111111112
2025-10-12,62481.77016155472,2266.610452219237,64748.38061377396,37936.15143307076,8623.83444401733,46559.98587708809,2179.016826474605,residual_equal,108888.18080797722,115841.38763144505,117709.38418333333,-8821.203375356112,0.3263888888888889
2025-10-13,65866.39857662831,488.425350941538,66354.82392756986,40234.29363075828,1738.7388978419062,41973.03252860018,5256.071792622903,residual_equal,111189.64298918497,118239.7687233366,117677.75383333334,-6488.110844148367,0.5902777777777778
2025-10-14,67157.4206097635,869.5968490768595,68027.01745884036,41211.03914933149,3268.47186173,44479.51101106149,3173.008819020062,residual_equal,113052.14670875653,119610.91773968843,118032.22918333334,-4980.082474576819,0.6944444444444444
2025-10-15,67763.69873990474,1030.4431058216512,68794.1418457264,41412.6566422234,4169.345663811597,45582.002306035,2790.0742372066616,residual_equal,113798.15317156709,119902.24787347563,117342.48076666666,-3544.327595099574,0.7638888888888888
2025-10-16,68952.87169339616,1667.2469625673966,70620.11865596355,42340.21726675054,6796.091238711988,49136.308505462526,3539.6456054179416,residual_equal,114449.34205160581,120584.64857651191,117733.27633333334,-3283.934281727532,0.8263888888888888
2025-10-17,41857.330943068526,0.0,41857.330943068526,23441.82481454554,0.0,23441.82481454554,22214.995368857024,residual_equal,83113.41146428409,89164.99754409821,71943.17253333333,11170.238930950756,1.0
2025-10-18,40279.78706448074,1.5887202906717448,40281.375784771415,22384.009700972765,3.3966839814561904,22387.40638495422,20657.637564673558,residual_equal,79893.05810591209,86312.68678547416,71656.70145,8236.356655912095,0.9930555555555556
2025-10-19,66317.40743061824,3174.5249237620988,69491.93235438035,40159.650259687245,13601.988849298948,53761.63910898619,1432.0596313987364,residual_equal,109042.60798929073,115761.76709161807,117991.24738333334,-8948.639394042606,0.2638888888888889
2025-10-20,69217.33556103075,1912.2123342581071,71129.54789528885,42375.79417679787,8310.211044951282,50686.005221749154,2451.681387777793,residual_equal,111228.62575260573,118019.5002959251,117903.31864999999,-6674.692897394256,0.5208333333333334
2025-10-21,71462.58964244185,1555.9492839571512,73018.538926399,43925.92520820581,5236.061569427717,49161.98677763352,2310.6079929664834,residual_equal,113136.6159321779,119552.44488246595,117800.84898333333,-4664.233051155432,0.7430555555555556
2025-10-22,72621.23185147754,1610.7394435206504,74231.97129499819,44545.91059106958,7674.6284651437745,52220.539056213354,4371.627118610566,residual_equal,113887.73015578093,119932.38067137964,117671.98653333333,-3784.256377552403,0.7777777777777778
2025-10-23,74171.24436049891,289.14233812880695,74460.38669862771,45756.77996450242,994.5977191545214,46751.377683656945,6619.338230048859,residual_equal,114665.08499196843,120685.37731335292,117212.01551666665,-2546.930524698226,0.8611111111111112
2025-10-24,43660.9019073407,0.0,43660.9019073407,24331.64392373256,0.0,24331.64392373256,21389.71130024041,residual_equal,83147.71613956819,89106.48991432339,72135.51853333332,11012.19760623487,1.0
2025-10-25,41589.80388166018,0.0,41589.80388166018,22918.31595407555,0.0,22918.31595407555,18440.127989390265,residual_equal,79715.0525177111,85994.31365601506,72042.787,7672.265517711101,1.0
2025-10-26,70533.08941572189,1494.0588998036449,72027.14831552553,43024.9579531795,6032.189574775277,49057.14752795478,3081.595260998225,residual_equal,109161.09911412068,115688.73044618529,117422.34435,-8261.245235879323,0.2916666666666667
2025-10-27,72401.15863525771,1581.828374696462,73982.98700995417,44442.259731492195,6315.615729002489,50757.87546049469,6005.053663484785,residual_equal,111102.45724495477,117709.50204618278,117790.56431666666,-6688.1070717118855,0.5208333333333334
2025-10-28,73878.70102830668,576.1010950818477,74454.80212338852,45475.09411448514,2198.3191131003405,47673.41322758548,4018.0850368736556,residual_equal,112985.82746377017,119185.03142908351,117514.14479999998,-4528.317336229811,0.6875
2025-10-29,74439.18869271243,1787.6715297865599,76226.86022249899,45941.07966855191,6380.002787568887,52321.0824561208,2437.744372589045,residual_equal,113921.55366791054,119892.2579154423,117721.61451666665,-3800.060848756111,0.7638888888888888
2025-10-30,75293.54719026203,339.33555938800373,75632.88274965003,46629.10411472595,1298.1109445827324,47927.215059308684,6364.690598785637,residual_equal,114544.82766450745,120454.4415139684,116916.07056666666,-2371.2429021592106,0.8263888888888888
2025-10-31,44751.38134528072,0.0,44751.38134528072,25060.83509642571,0.0,25060.83509642571,16948.992023395913,residual_equal,83171.3038127275,89060.11255597163,71748.98903333333,11422.314779394175,1.0
2025-11-01,42416.586557177085,24.715052365523434,42441.30160954261,23491.764434998462,53.254187036919035,23545.018622035383,16083.738434086048,residual_equal,79532.24398621722,85760.08848253511,71974.20948333332,7558.034502883893,0.9861111111111112
2025-11-02,71983.94198058295,2540.270267156653,74524.2122477396,43999.25923144305,10996.909498029629,54996.16872947268,1318.1500941021463,residual_equal,109056.68324987656,115501.63628236417,117843.23631666666,-8786.553066790104,0.20833333333333334
2025-11-03,75019.79936442862,1671.142814543342,76690.94217897196,46301.99543613516,5342.416227472048,51644.411663607214,2740.5421343054286,residual_equal,111182.77879111274,117742.8539803875,117808.91503333335,-6626.136242220615,0.4722222222222222
2025-11-04,77038.43713331211,719.9445498350265,77758.38168314713,47723.00763328128,3319.1871139960704,51042.19474727735,5764.388213224284,residual_equal,113062.77157235322,119221.10477790891,117396.61073333333,-4333.839160980118,0.6527777777777778
2025-11-05,78534.45651993483,444.48267176475014,78978.93919169958,48929.23236597559,1333.1910948786735,50262.42346085427,4890.642174856472,residual_equal,114436.69349201318,120293.28709684029,117764.40761666666,-3327.7141246534884,0.7916666666666666
2025-11-06,79075.7547095048,848.1814078677407,79923.93611737255,49368.46654720752,3425.4754277165666,52793.94197492409,4148.996596767072,residual_equal,114869.96398681142,120593.17122003071,117713.09413333333,-2843.130146521915,0.7916666666666666
2025-11-07,49303.9523041001,0.0,49303.9523041001,27503.611311163004,0.0,27503.611311163004,22029.273905945396,residual_equal,83743.6196077625,89422.11784874077,72212.37866666666,11531.24094109585,1.0
2025-11-08,45895.72870145183,19.88981788239306,45915.618519334224,25251.568849010564,42.37092271870823,25293.93977172927,18181.00523151204,residual_equal,80296.65916680699,86334.06535708655,72034.86681666666,8261.792350140327,0.9861111111111112
2025-11-09,75098.98096842715,2602.6065449755715,77701.58751340272,46286.994663395424,10695.022151647943,56982.01681504337,1949.1564585829387,residual_equal,109773.20118281536,116111.59583449212,117877.67016666665,-8104.468983851286,0.2777777777777778
2025-11-10,77631.27372726651,2194.2195006974716,79825.49322796398,48166.37297851603,8598.049088095002,56764.422066611034,1540.482766868703,residual_equal,111766.75547602706,118256.55202948759,118420.10276666668,-6653.34729063962,0.4791666666666667
2025-11-11,79926.20872953505,375.86354304076985,80302.07227257582,50021.68145321698,1362.8500859369071,51384.53153915389,4337.401526890175,residual_equal,113552.95002713389,119757.74554948423,117957.86745000002,-4404.917422866129,0.7083333333333334
2025-11-12,82028.2949844739,125.25774023509751,82153.552724709,51617.0840835869,569.3244323383688,52186.40851592527,6732.750574408465,residual_equal,115097.33974844655,120941.71498950031,117416.71383333334,-2319.374084886789,0.8819444444444444
2025-11-13,82460.91779395874,430.5920043328751,82891.50979829162,52056.68564649782,1334.5635454498715,53391.24919194769,5953.62904899803,residual_equal,115457.76802392898,121187.94083267143,117780.10726666666,-2322.339242737682,0.8680555555555556
2025-11-14,51719.43422469769,0.0,51719.43422469769,29093.29390155791,0.0,29093.29390155791,20027.718794512264,residual_equal,84220.6448924622,89933.48029450804,71737.89309999999,12482.751792462208,1.0
2025-11-15,49075.501764337096,0.0,49075.501764337096,27178.884134729415,0.0,27178.884134729415,16851.296213580998,residual_equal,80641.47911049945,86777.31066521714,72466.97681666666,8174.502293832789,1.0
2025-11-16,78835.60282756881,2213.7611869363127,81049.36401450513,49110.24093100382,8556.609351026575,57666.8502820304,2173.6482890156285,residual_equal,110141.0545293224,116561.49130146754,118360.27023333334,-8219.215704010945,0.3125
2025-11-17,81498.0107648639,459.6579247719352,81957.66868963583,51138.868545935955,1470.6201542383392,52609.4887001743,4794.735847400307,residual_equal,112289.7927449377,118808.79822519899,117269.71065,-4979.9179050622915,0.6180555555555556
2025-11-18,82436.74147592581,948.3513692565224,83385.09284518233,51929.71934583975,2821.863563184015,54751.58290902377,3964.932000447288,residual_equal,113809.84027818113,119942.19412480378,117783.68650000001,-3973.8462218188797,0.7638888888888888
2025-11-19,84333.42255962132,306.8880803995333,84640.31064002085,53224.045267307956,1018.9834947045567,54243.02876201252,4637.179972570178,residual_equal,115185.30144475724,120949.85847335731,118179.70134999999,-2994.3999052427534,0.7708333333333334
2025-11-20,85179.86511112966,247.91906068594238,85427.78417181561,53850.80958398974,991.5500828756911,54842.359666865435,5989.738409160359,residual_equal,115797.54490175992,121498.89631728583,117846.45723333333,-2048.9123315734178,0.8680555555555556
2025-11-21,53789.19957784236,0.0,53789.19957784236,30263.12493381898,0.0,30263.12493381898,20839.140391594086,residual_equal,84344.13873327308,90078.29037371995,71999.17709999999,12344.961633273095,1.0
2025-11-22,51024.88919393149,0.0,51024.88919393149,28248.004448259133,0.0,28248.004448259133,16736.654506617204,residual_equal,81013.61082030283,87193.85094729914,72549.91013333332,8463.700686969503,1.0
2025-11-23,80707.96768289927,2003.942931118851,82711.91061401812,50360.18039063338,8545.196490457456,58905.37688109084,3015.2650094976157,residual_equal,110484.47340171205,116964.39369288835,117782.6922,-7298.218798287955,0.4027777777777778
2025-11-24,82898.49282118093,687.9618526941717,83586.45467387511,52001.606177329624,2893.665599986183,54895.27177731581,4884.360477267321,residual_equal,112189.79568464615,118748.2871606402,117975.68781666667,-5785.892132020526,0.5902777777777778
2025-11-25,84273.88640292843,470.9016787500632,84744.78808167849,53095.42207132721,1722.2267164608006,54817.648787788006,3992.3966128498723,residual_equal,114033.7423176677,120182.30726982218,117682.39221666666,-3648.649898998963,0.7777777777777778
2025-11-26,86159.64378864411,234.9570372048785,86394.60082584899,54579.32370835745,844.5996739913701,55423.92338234882,4985.592329602978,residual_equal,115468.56940063939,121288.19066353439,117686.43673333334,-2217.867332693946,0.8888888888888888
2025-11-27,87097.21925401787,98.46536921747679,87195.68462323534,55344.06408941805,390.1263162710445,55734.19040568909,6729.438280081027,residual_equal,115981.98073180417,121752.95293299932,117198.14165,-1216.1609181958338,0.9513888888888888
2025-11-28,55378.472553661224,0.0,55378.472553661224,31218.720556834163,0.0,31218.720556834163,20368.036362095467,residual_equal,84330.91872982532,90068.07941549225,72239.02128333332,12091.897446492003,1.0
2025-11-29,52710.96196811863,216.609689157381,52927.571657276014,29308.485991807356,591.2231692496777,29899.709161057035,13929.462950413394,residual_equal,81147.69064726101,87261.22422354383,72156.19988333333,8991.490763927679,0.9791666666666666
2025-11-30,82666.17927882935,3065.1079933554147,85731.28727218477,51839.632994287094,11475.948384209976,63315.58137849707,891.7487865965564,residual_equal,110426.4140273325,116885.40196385246,118008.83443333332,-7582.42040600082,0.3680555555555556
2025-12-01,85615.33545616321,6166.1949248485835,91781.5303810118,53973.616267116166,22628.437171403268,76602.05343851943,781.8474535329876,residual_equal,112252.77008028614,118858.49332675205,125291.39163333332,-13038.621553047182,0.1875
2025-12-02,88879.88179808503,5120.470637057526,94000.35243514256,56463.132333769056,18910.060876172356,75373.19320994141,644.2091518092207,residual_equal,114932.88169833613,121136.15206316652,125400.62359999999,-10467.74190166386,0.1736111111111111
2025-12-03,91572.93138857989,2605.502022489797,94178.4334110697,58564.28186521663,7611.266501856673,66175.54836707331,2239.231956255006,residual_equal,117076.9192284056,123048.03492412467,124622.93113333332,-7546.011904927713,0.3819444444444444
2025-12-04,93268.53102151531,2133.004420105315,95401.53544162062,59756.19680124879,7182.226099061053,66938.42290030984,3825.2433267548986,residual_equal,117999.82869934998,123977.2833442502,125336.25094999999,-7336.422250650008,0.4444444444444444
2025-12-05,62275.0770444294,31.71576865417569,62306.79281308358,35616.16100455069,69.49535739390288,35685.656361944595,16784.866988255082,residual_equal,87099.19052005216,93183.28224822723,78868.07108333333,8231.11943671883,0.9791666666666666
2025-12-06,59939.36473250315,97.64540974333784,60037.01014224649,33731.90924716937,217.94142969255674,33949.850676861926,12178.92188290229,residual_equal,84068.6003710299,90441.5032928116,79470.82114999999,4597.7792210299085,0.9652777777777778
2025-12-07,90089.34998915794,3373.6831651366947,93463.03315429464,57117.6886782348,12417.857279976302,69535.5459582111,1055.6181838708317,residual_equal,113721.08876564752,120257.01689742264,125067.46291666666,-11346.374151019132,0.1527777777777778
2025-12-08,94267.63634849372,1028.5401002616752,95296.17644875539,60216.26587373174,3507.0975656059913,63723.36343933773,2637.4145640595084,residual_equal,117832.7537676701,124677.86746392751,124410.35393333333,-6577.600165663229,0.5277777777777778
2025-12-09,96189.72830875525,578.4432789499656,96768.17158770522,61671.545529854964,2258.2309496339567,63929.77647948892,4521.0534388327815,residual_equal,119706.4882259347,126384.79713179404,124694.68108333333,-4988.192857398622,0.6805555555555556
2025-12-10,97158.05500261048,515.6432765385991,97673.69827914907,62491.813769960005,1710.5619080047447,64202.37567796475,4409.4131458157635,residual_equal,120962.2328154433,127314.1901220044,124378.76451666666,-3416.5317012233572,0.7708333333333334
2025-12-11,98142.32323616522,258.62760130695483,98400.95083747218,63359.195052808915,707.4536704046445,64066.64872321356,7563.0294708055135,residual_equal,121684.73566091759,127893.13846216889,123787.79896666665,-2103.063305749063,0.8680555555555556
2025-12-12,66245.6990624004,0.0,66245.6990624004,38128.7268822301,0.0,38128.7268822301,18190.49844795285,residual_equal,89999.86699374662,96194.63202067059,78661.70368333333,11338.163310413292,1.0
2025-12-13,63622.68530884797,3.6876555434246256,63626.3729643914,36013.69258088455,7.8842075518418495,36021.57678843639,15561.24394890318,residual_equal,86821.72323941758,93420.48516992464,78840.15754999999,7981.565689417592,0.9930555555555556
2025-12-14,93753.66915101348,1707.3898080806048,95461.0589590941,59595.17171768757,7165.247433034924,66760.41915072249,1852.3551685899577,residual_equal,116214.95176092142,123096.91184457365,124522.58584999999,-8307.634089078565,0.3333333333333333
2025-12-15,97421.08777013325,654.7970883572361,98075.88485849049,62322.211878360446,2237.552576625353,64559.7644549858,3750.2896199961383,residual_equal,119473.82357705946,126616.58015265079,124305.22548333334,-4831.401906273881,0.7569444444444444
2025-12-16,99207.98121970956,176.37064533009243,99384.35186503966,63817.6105367714,498.7187915734022,64316.3293283448,5089.593865039669,residual_equal,121463.53886601541,128168.71784177209,124646.94338333333,-3183.4045173179184,0.8541666666666666
2025-12-17,100281.6164731037,220.12847198880092,100501.7449450925,64533.77483236905,815.4349038269943,65349.20973619604,7433.231211759163,residual_equal,122679.47672010004,128994.5879783073,124466.55464999998,-1787.0779298999405,0.8888888888888888
2025-12-18,100472.07152540603,156.06571190587158,100628.13723731191,64832.67395078052,334.55467576584397,65167.22862654636,8406.972725113437,residual_equal,123202.82184851827,129505.67143394904,124315.35926666665,-1112.5374181483785,0.9027777777777778
2025-12-19,69032.96464351736,0.0,69032.96464351736,39877.68276145964,0.0,39877.68276145964,21722.90667685071,residual_equal,91820.3307448905,98123.38902632294,78593.32543333333,13227.005311557165,1.0
2025-12-20,66195.12063330972,0.0,66195.12063330972,37642.26912129313,0.0,37642.26912129313,18935.75332786452,residual_equal,88517.82503183352,95269.08710020769,78668.52011666665,9849.304915166867,1.0
2025-12-21,95787.42342825796,1308.7917404309248,97096.21516868888,61044.239130284244,5067.636875761793,66111.87600604603,3249.0422655708717,residual_equal,117835.82175618032,124919.34595692642,124376.44096666668,-6540.6192104863585,0.5555555555555556
2025-12-22,98539.5225396407,404.47052972069275,98943.9930693614,63107.225348478634,1724.7961224262149,64832.02147090485,5187.817605878264,residual_equal,120581.81781983117,127708.73892588686,124718.45381666665,-4136.635996835481,0.7361111111111112
2025-12-23,100007.01101584954,45.00836017104541,100052.01937602059,64357.34742114348,166.71842600253717,64524.06584714602,7938.453522035139,residual_equal,122638.83101189081,129302.39236533747,123956.65456666665,-1317.8235547758377,0.9444444444444444
2025-12-24,100541.70337836762,74.81046344576288,100616.51384181337,64729.05031986541,258.00150142018407,64987.0518212856,7885.287858480052,residual_equal,123736.77821157247,130037.38373101756,123954.37128333334,-217.59307176087168,0.9375
2025-12-25,100887.67971741965,116.81399220565362,101004.49370962531,65140.97297627155,354.5408724872457,65495.5138487588,8315.378509625305,residual_equal,124210.61631464453,130579.83631687828,123789.85789999997,420.7584146445588,0.9583333333333334
2025-12-26,69239.30511138616,0.0,69239.30511138616,40033.2973611727,0.0,40033.2973611727,21830.016011386157,residual_equal,92686.166668499,99100.25214681629,78270.30765,14415.859018499003,1.0
2025-12-27,66271.4512731809,0.0,66271.4512731809,37658.75178845642,0.0,37658.75178845642,18588.333754121653,residual_equal,89287.09290835868,96161.15538536539,78409.18393333333,10877.908975025348,1.0
2025-12-28,96239.34024785989,584.5050691585546,96823.84531701844,61249.32248354095,2789.7232530501715,64039.04573659112,5198.322865010504,residual_equal,118634.50778048376,125872.33182236944,123511.26975,-4876.761969516243,0.7222222222222222
2025-12-29,98483.4565316741,238.03684803410306,98721.4933797082,62980.51513096979,993.2867368401014,63973.80186780989,6365.092059261557,residual_equal,120938.05716383983,128193.09988230129,123677.30638333331,-2739.2492194934894,0.8680555555555556
2025-12-30,99793.61547393081,18.295766179074803,99811.91124010988,64079.94583494454,73.5235412301891,64153.46937617473,8726.597644731712,residual_equal,122638.8329731675,129432.73992330502,123526.50905,-887.6760768324893,0.9722222222222222
2025-12-31,100569.07057708829,160.49689882451736,100729.56747591282,64689.71140236339,481.88378921928086,65171.59519158267,7228.895385700417,residual_equal,123847.63460856567,130251.10229812245,123791.70508333333,55.929525232335436,0.9097222222222222
