date,initial_plan_kwh,executed_adjusted_kwh,emergency_kwh,actual_grid_energy_kwh,plan_cost,adjustment_cost,emergency_cost,total_cost,up_adjust_kwh,down_adjust_kwh
2025-02-01,88119.34509089505,84859.4635102308,0.0,84859.4635102308,57195.55700210562,-970.9108976632942,0.0,56224.64610444233,365.9054484166676,3625.787029080934
2025-02-02,93028.6246420439,90635.93465600326,13.789651388888615,90649.72430739214,58839.060400709204,-790.4533593078461,85.85586733194285,58134.4629087333,10.529212500000085,2403.2191985406403
2025-02-03,95577.53221666666,90820.03911766119,145.0575666666663,90965.09668432786,60558.444441050415,-1702.5046675236167,662.632126316665,59518.57189984347,0.0,4757.493099005482
2025-02-04,97688.50120833333,93310.4366159465,74.05790972222232,93384.49452566872,62482.35854711139,-1645.6934246868423,245.02853587638913,61081.69365830094,0.0,4378.064592386833
2025-02-05,92788.15158477366,91991.95646815843,23.015093055555383,92014.97156121398,58875.31532150251,-206.51790249834195,106.45277440972183,58775.250193413885,163.77588677983914,959.9710033950644
2025-02-06,98234.56463472222,91735.57690343054,19.80902916666605,91755.3859325972,62695.27143961862,-2451.7770215791506,105.75077096249674,60349.245189001966,0.0,6498.987731291664
2025-02-07,94474.5442013203,89901.90520296639,0.0,89901.90520296639,60119.248691742076,-1626.4567361442014,0.0,58492.79195559787,53.46306111111119,4626.10205946502
2025-02-08,86053.73136680367,87124.67730954441,0.0,87124.67730954441,53787.067046554046,1191.6229269443818,0.0,54978.689973498425,1084.1481566296345,13.202213888888991
2025-02-09,93438.11954583332,92386.13786701114,11.187437499999874,92397.32530451115,59142.627602440276,-385.3278125346384,54.49400806249938,58811.79379796814,8.91313318055552,1060.8948120027458
2025-02-10,88797.01672916667,84508.2007114676,151.4405708333329,84659.64128230093,55779.44379949264,-137.81221030209372,508.281990461109,56149.91357965166,1944.6964523148172,6233.512470013889
2025-02-11,89709.45243739712,85449.62726083677,26.767397222222364,85476.394658059,56788.813061771376,-1650.290985750881,80.08914917152887,55218.61122519203,0.0,4259.825176560355
2025-02-12,89798.25652916667,85333.01566718108,28.647269444444646,85361.66293662552,56577.33935887,-1566.614696357432,155.23457065555658,55165.95923316813,0.0,4465.240861985592
2025-02-13,84413.83668112141,81527.66563798473,66.78221527777774,81594.4478532625,52476.753799738784,-759.7272421576092,326.5592478062498,52043.58580538742,286.45314654165986,3172.624189678322
2025-02-14,86991.25089624485,85736.54160952126,0.0,85736.54160952126,54265.70464703727,-21.70960378170753,0.0,54243.99504325556,495.0159926097428,1749.725279333333
2025-02-15,88422.08587558298,83805.73945798867,0.0,83805.73945798867,55138.20110624938,-1513.3648817186433,0.0,53624.836224530736,44.37350541666558,4660.719923010975
2025-02-16,89879.89245833334,83801.02527916667,268.1847055555547,84069.20998472223,56428.057626723064,-2147.470957667846,1012.2823372569407,55292.86900631216,0.0,6078.867179166664
2025-02-17,88991.23042054183,80961.84875841906,157.91494444444356,81119.7637028635,55375.26212020045,-2567.1104138075425,696.7107300124959,53504.862436405405,68.62953600000014,8098.011198122775
2025-02-18,80245.56908545953,81435.99999050445,301.8180861111103,81737.81807661556,49840.35739805133,947.1704721593311,1300.7139293062455,52088.24179951691,1190.4309050449242,0.0
2025-02-19,80409.07311854167,80919.4948465252,343.0774361111122,81262.5722826363,50033.709591020786,579.558092485111,1357.6640910382032,51970.9317745441,634.9586224279872,124.53689444444376
2025-02-20,82982.23160555554,81029.66057940004,248.9438604444416,81278.60443984448,51200.40037852764,159.86352240169555,1217.1242083283864,52577.38810925773,857.4892763888886,2810.0603025444075
2025-02-21,81458.35216886146,81388.57461822702,0.0,81388.57461822702,50441.974697659054,805.4290466743413,0.0,51247.403744333395,1059.3173182613182,1129.09486889575
2025-02-22,82861.7819963306,82095.02962389163,0.0,82095.02962389163,51355.34566039165,8.399303159078443,0.0,51363.74496355073,399.5547549444427,1166.307127383404
2025-02-23,81499.8173694357,79501.71428160991,488.6535541666667,79990.36783577657,50309.29988660493,-650.2621610686031,1698.3597923479178,51357.397517884245,113.22942916666582,2111.332516992454
2025-02-24,77687.16165975652,78671.62290579561,246.8344291666665,78918.45733496228,48372.990414610875,855.4416601697018,1254.6661389666651,50483.09821374724,1493.5143157407329,509.05306970164486
2025-02-25,80016.396157,75312.735512625,238.79795555555498,75551.53346818055,49376.61836458574,-1436.6671469053686,1030.773067882637,48970.724285563,235.6990198731168,4939.3596642481125
2025-02-26,74051.09401884432,76166.24808798012,452.0842848333307,76618.33237281344,45205.11981803728,1973.2965737827526,1885.561164042155,49063.97755586219,2115.1540691358014,0.0
2025-02-27,75170.60503609396,75106.89297904665,357.1522402777762,75464.04521932443,46122.355418703264,386.27230600736283,1721.4769540944376,48230.104678805066,501.1779290637901,564.889986111111
2025-02-28,75439.08500819615,76686.72445845335,0.0,76686.72445845335,46068.35556438651,1258.9365682540106,0.0,47327.29213264052,1372.211954423867,124.57250416666739
2025-03-01,85886.78376817558,79079.10228212603,0.0,79079.10228212603,53645.69125830758,-1911.3832457123358,0.0,51734.30801259525,673.0889761145339,7480.77046216409
2025-03-02,83098.92063782646,83818.9507122428,265.42439027777573,84084.37510252059,51454.98184984361,1150.7759966972396,1354.338104460405,53960.09595100125,1057.8352285829985,337.80515416666674
2025-03-03,84687.21983693415,81345.67569943416,432.5647361111082,81778.24043554526,52378.704395007866,-155.42878170902267,2052.6238965194293,54275.89950981827,975.1530041152294,4316.697141615225
2025-03-04,75875.0880087963,77704.95146787705,764.4641777777762,78469.41564565482,46697.9282085675,1809.708784119718,2644.163157353466,51151.80015004069,1829.8634590807599,0.0
2025-03-05,79361.90970108024,76304.61609573028,268.4359402777768,76573.05203600806,48820.09861461712,-926.4158651486375,1188.1965316763844,49081.879281144866,104.20713333333197,3161.500738683302
2025-03-06,75184.81234478738,75498.91808203018,276.75802361111096,75775.6761056413,45896.528776106454,517.1737617633443,1181.3165084048621,47595.019046274654,579.7129914094605,265.6072541666665
2025-03-07,80665.62344683951,76755.68321503224,0.0,76755.68321503224,49915.97464325587,-1370.1483606718502,0.0,48545.82628258402,0.0,3909.940231807268
2025-03-08,74667.39066155556,74751.71505434912,0.0,74751.71505434912,45423.24962275214,769.4081581037599,0.0,46192.6577808559,1010.9141169019244,926.5897241083677
2025-03-09,78776.92993561385,73208.60903389798,324.35670972222397,73532.96574362021,48031.334328236466,-773.3418413974173,1507.9400993416739,48765.93258618072,1218.2594610756234,6786.580362791491
2025-03-10,75618.67998619686,76684.4206525698,461.80177204166415,77146.22242461146,45806.47483454832,1282.4477447713416,1722.8333574037492,48811.755936723406,1141.770433039608,76.02976666666666
2025-03-11,67295.29892289094,73422.55303380985,333.76843611110974,73756.32146992096,41139.86259954247,6202.959083442991,1355.1492551999957,48697.97093818546,7478.905358484053,1351.6512475651548
2025-03-12,76704.06132381687,71759.6485089009,291.02016111111055,72050.668670012,46917.764934709,-849.5903011528246,1043.0292438729155,47111.203877429085,979.5872048885475,5924.000019804524
2025-03-13,77226.19892273663,77835.63373755144,370.86427638888836,78206.49801394033,47010.08733776506,851.8247218765408,1597.4006844173587,49459.31274405895,842.2590925925949,232.82427777777798
2025-03-14,69835.21597866941,70347.74603308315,0.0,70347.74603308315,42585.445959391436,1031.9506428636698,0.0,43617.3966022551,1104.1532785665333,591.6232241527841
2025-03-15,76397.8108736111,77273.90135133435,9.053333333333399,77282.95468466768,46364.323227578745,2750.7634444647288,19.356026666666803,49134.44269871014,3290.4491860908797,2414.3587083676243
2025-03-16,73950.30933283607,73543.32663530555,204.67620833333206,73748.00284363888,45267.20287668891,351.1021022632307,863.4022733534669,46481.70725230561,1274.223943055556,1681.206640586076
2025-03-17,69398.40242787672,66002.08122129235,441.5258958333334,66443.60711712568,41471.651184979,-118.21587613234567,1947.3722283416678,43300.80753718832,913.4620605967025,4309.783267181071
2025-03-18,77869.01376249999,72197.29053968964,128.53497222222143,72325.82551191185,47806.30926222612,-1692.8632626110475,422.7471633319424,46536.19316294701,242.4489930555555,5914.172215865909
2025-03-19,65079.80081210562,68799.59692920095,575.3262124999984,69374.92314170096,39688.72530978568,3740.927277729403,1522.3664960263818,44952.01908354147,4186.18205137175,466.3859342764113
2025-03-20,73066.57028628257,68099.565556893,1231.3228375000003,69330.888394393,44567.43859362263,-1114.7374915273772,4629.188577881252,48081.889679976506,999.2055175411556,5966.210246930722
2025-03-21,71126.58986886145,64878.73104998285,0.0,64878.73104998285,42828.035939267036,-1452.623615649456,0.0,41375.41232361758,537.2229222222207,6785.081741100827
2025-03-22,73772.56041689197,70548.32518743382,9.078333333333376,70557.40352076715,45145.8645317483,-847.8366217453752,19.409476666666755,44317.4373866696,332.95756109395984,3557.1927905521197
2025-03-23,74245.14979837104,69969.62101867283,265.8030069444443,70235.42402561728,45295.170284286534,-1543.5913729285335,1206.0186953666666,44957.59760672467,0.0,4275.528779698216
2025-03-24,69847.76149471878,67668.11078686832,315.4571499999993,67983.56793686832,42113.36804215893,-102.36540883291815,885.4584628298578,42896.461096155865,587.7736111652933,2767.424319015776
2025-03-25,77017.58165118314,68333.05714014059,551.2746944444436,68884.33183458503,47006.19304728956,-2693.4306219469745,2174.3268648916646,46487.08929023425,170.69629092935455,8855.22080197188
2025-03-26,67186.71854492456,64542.38615826475,300.86782916666556,64843.25398743142,40700.17822400459,-601.467834775547,1041.5564338624952,41140.26682309154,322.3178166666679,2966.6502033264724
2025-03-27,70489.69490859054,66219.25755651577,625.6519055555541,66844.90946207133,42817.80347551008,-887.4450132844169,2318.290727337494,44248.64918956316,655.0267875000019,4925.464139574762
2025-03-28,68361.37539999999,65132.26119146022,0.0,65132.26119146022,41642.791896256254,-730.2980787389675,0.0,40912.49381751729,544.2092053491054,3773.323413888891
2025-03-29,63013.482554166665,62128.04825265278,0.0,62128.04825265278,38027.36281387265,281.3674242349906,0.0,38308.73023810764,672.1099790416672,1557.544280555559
2025-03-30,68798.59212110768,61880.7963189472,897.6304416666638,62778.42676061386,41197.41459106524,-2017.8705137554616,3676.1332933486,42855.67737065837,0.0,6917.795802160488
2025-03-31,60270.450690997954,63790.399804441025,573.179388888889,64363.57919332991,36289.43373263633,4878.808966545661,2093.469081344444,43261.71178052644,6508.403870061724,2988.4547566186534
2025-04-01,72096.25897746913,68761.40853137859,528.7591076303107,69290.1676390089,42830.40045412492,-437.59308570948633,1822.0228988656686,44214.830267281104,728.8717630315439,4063.7222091220815
2025-04-02,69617.64484861112,69284.74344876542,613.0211819444439,69897.76463070986,41669.26945208431,930.0550908464443,2468.8691342423617,45068.19367717311,1264.7450696844983,1597.64646953018
2025-04-03,70415.4100060871,65249.24767145062,422.093262499999,65671.34093395062,42874.12998175607,-1764.012751964608,1444.0456663187476,42554.16289611022,0.0,5166.16233463649
2025-04-04,62029.23326944445,59788.043884819446,0.0,59788.043884819446,37208.94934368583,-675.3991170855196,0.0,36533.55022660031,36.462241763892266,2277.651626388886
2025-04-05,62350.3926875,62581.6733808858,0.0,62581.6733808858,36988.97235171514,696.8589939118687,0.0,37685.83134562701,735.8000938487643,504.5194004629659
2025-04-06,66337.77573630109,63187.905939369,344.56512361111015,63532.471062980105,39109.4796093865,-112.66710364883886,1431.0956480256903,40427.908153763354,656.3741000000016,3806.2438969321042
2025-04-07,59095.17369305555,60539.78676159122,531.2844791666664,61071.07124075788,34905.02338476166,2126.639969273543,1873.1913659347215,38904.854719969924,1921.453204938271,476.84013640260935
2025-04-08,67052.59339862826,62756.940823251025,502.0618972222217,63259.00272047325,40327.15284023147,-1183.1868191307226,2149.203708864584,41293.16972996533,162.31922916666656,4457.971804543891
2025-04-09,66307.37138127572,66507.70183516805,514.1627111111094,67021.86454627916,39537.70534853361,422.8790477905346,2011.2112940027716,41971.795690326915,1017.0932232681755,816.7627693758538
2025-04-10,64586.644043998625,62239.48327623456,858.3097875000007,63097.79306373456,39029.75446180507,-629.0454035959033,3770.62884205348,42171.337900262646,540.9391152777769,2888.0998830418357
2025-04-11,53976.87837415981,55843.137512359914,0.0,55843.137512359914,32305.900017251544,1813.719237803921,0.0,34119.61925505546,1962.0388839305574,95.77974573045242
2025-04-12,68675.73529702777,62956.182432098765,0.0,62956.182432098765,40902.72887173429,-1822.8926511270797,0.0,39079.83622060721,0.0,5719.552864929012
2025-04-13,61612.38380277778,61306.444395652776,593.0091888888876,61899.45358454166,36430.07634795806,200.5622800947298,2377.1598056069397,39007.79843365973,337.54064800188854,643.4800551268901
2025-04-14,64294.799384773665,58152.108916632365,1119.2650833333319,59271.3739999657,38654.6466874452,-2181.2261271677503,4185.857946795829,40659.27850707328,0.0,6142.6904681412925
2025-04-15,56668.82697443415,57651.96906534636,570.9812486111135,58222.95031395747,33414.71552853981,1777.6723343432864,2790.001372361128,37982.38923524423,1761.5621986968463,778.4201077846366
2025-04-16,62858.396338117294,62868.67797151921,491.00834027777614,63359.686311796984,36651.55557722117,1719.0583021632099,1895.630785929161,40266.24466531354,1880.0977382716023,1869.816104869685
2025-04-17,57352.08148966049,59921.60425687585,390.676755555555,60312.281012431406,34557.116513232875,2226.6911108911518,1615.7661444034702,38399.573768527494,3588.434604509602,1018.9118372942406
2025-04-18,58145.672197719476,58518.85196473337,0.0,58518.85196473337,34401.17278723418,395.70034031182433,0.0,34796.873127546,373.1797670138901,0.0
2025-04-19,62596.839586111106,61661.658375,0.0,61661.658375,36583.35513290028,1332.656208332293,0.0,37916.01134123257,1733.5727444444449,2668.753955555552
2025-04-20,58487.95133515089,59119.81782147274,519.9752638888881,59639.79308536163,34768.25460550373,805.0622371418538,1773.6149165958313,37346.931759241415,692.5058487361113,60.63936241425819
2025-04-21,60982.75898050412,54770.181966083335,1062.9554833333323,55833.13744941667,36166.0139648341,-1560.2628118263722,3852.826775467358,38458.57792847508,252.15973552777774,6464.73674994856
2025-04-22,54952.626122222224,58140.99610510974,715.0921152777775,58856.08822038752,32538.82527213611,2944.0803541971004,2815.627067537501,38298.53269387071,3503.8144955418393,315.4445126543189
2025-04-23,53175.259115740744,57573.00379969136,860.0971208333333,58433.100920524696,31632.802345371252,3519.773823610466,2855.5700683138894,38008.1462372956,4397.74468395062,0.0
2025-04-24,55567.51204228395,55406.824921262,712.3563694444439,56119.181290706445,32897.232980606335,1025.601498796502,2562.7303302583296,36485.56480966117,1300.4683795953383,1461.155500617285
2025-04-25,54497.30066502058,54233.63648683127,0.0,54233.63648683127,32946.759809725554,-133.7116524885791,0.0,32813.048157236975,0.0,263.66417818930336
2025-04-26,54657.82681421468,54487.263032185016,0.0,54487.263032185016,32850.360323688816,631.9416935815561,0.0,33482.30201727037,806.96403875223,977.5278207818945
2025-04-27,55117.337919393,56685.3198644033,772.6476236111098,57457.96748801441,32854.43815284537,1379.948923569149,3003.5726053229128,37237.95968173743,1770.5860575102938,202.60411250000016
2025-04-28,65552.98615468107,64197.22816308299,464.74544999999904,64661.97361308299,38499.28895091507,-301.30792404227725,1823.1700847506913,40021.15111162349,238.64365694444461,1594.401648542523
2025-04-29,56892.8872409465,55857.144638734564,276.38608194444396,56133.53072067901,33682.10990390746,485.00889907415717,1328.8342722881916,35495.95307526981,678.6545624999992,1714.3971647119265
2025-04-30,54237.30045315501,53215.967891203705,1606.0304666666657,54821.99835787037,32536.975000339844,-412.4248224366661,5761.111608529168,37885.66178643234,0.0,1021.3325619513048
2025-05-01,56878.97608113855,56163.49913888888,2972.838184705075,59136.33732359396,34015.53594333657,-69.6785405455777,13610.689451530088,47556.54685432107,259.6896236111086,975.1665658607762
2025-05-02,67566.18369221536,66361.36058146434,0.0,66361.36058146434,39949.1259317783,-380.2247632267449,0.0,39568.90116855155,0.0,1204.823110751024
2025-05-03,64054.707585631,61107.980681371395,18.39166666666665,61126.372348038065,37846.35748467524,-827.5823422742715,39.3213833333333,37058.096525734305,10.924293305559559,2957.651197565159
2025-05-04,61002.92474288408,54508.24650833334,3606.733476388888,58114.979984722224,36014.566369109525,-1775.071638129068,15083.665025874998,49323.15975685546,0.0,6494.67823455075
2025-05-05,61804.26269583333,59048.49421012997,2928.3075208333316,61976.8017309633,37144.13812852555,-1117.1884440485144,13347.54108176805,49374.490766245086,59.024444972222454,2814.792930675582
2025-05-06,54016.80815768176,55725.50282332715,3256.8341833333307,58982.337006660484,32239.151186410912,1583.3580388502814,14320.280496588879,48142.78972185007,2406.5415003676153,697.8468347222224
2025-05-07,57379.658421827844,59002.396625651585,2478.544140277776,61480.940765929365,34577.19480287672,1116.0546728057504,11603.280145679852,47296.52962136232,1622.7382038237406,0.0
2025-05-08,63988.10440763889,60976.766753275035,2562.270963847221,63539.03771712226,37049.08612766284,-494.2875883112876,12640.55128619782,49195.349825549376,347.77187172496906,3359.1095260888214
2025-05-09,67222.95466111111,60173.06918185871,0.0,60173.06918185871,39324.73821788423,-1735.1350290274092,0.0,37589.603188856825,228.57877769204754,7278.464256944446
2025-05-10,65814.28531575171,64428.66028699502,0.0,64428.66028699502,38630.12569834241,790.9413250839275,0.0,39421.06702342634,1229.8427152777772,2615.4677440344626
2025-05-11,62487.65549862826,59874.54077901234,2052.3292361111094,61926.87001512345,36479.486315735914,-44.31479266726541,10099.245554390269,46534.417077458915,675.6016446330563,3288.716364248976
2025-05-12,55144.78056634088,56944.458240363514,1800.6372319444413,58745.095472307956,32674.6078298052,2619.03571258931,8283.960333208317,43577.60387560283,3004.4092823216633,1204.7316082990378
2025-05-13,64193.24975903636,58930.98871630658,1404.6914319444438,60335.68014825102,37576.25903424274,-885.9762384472631,6891.931054079165,43582.21384987464,567.7905359739359,5830.0515787037075
2025-05-14,62934.70256371741,59365.04327669753,1046.2910666666653,60411.33434336419,37946.63764841246,-1068.2354948007242,4321.744281584024,41200.14643519576,216.58167865226307,3786.2409656721516
2025-05-15,61727.06308238597,59600.05346556499,801.9433958333332,60401.99686139832,37891.92488885002,-228.13329805132776,2986.896807520835,40650.68839831953,1275.8113905864197,3402.821007407404
2025-05-16,58624.71018022976,55878.34896184842,0.0,55878.34896184842,35814.68957221355,-931.2002447105799,0.0,34883.489327502975,0.0,2746.3612183813443
2025-05-17,66944.41583497942,64260.29124687928,3.5616666666666106,64263.85291354595,39976.99841816776,-857.6235403030201,7.614843333333213,39126.98972119807,0.0,2684.1245881001414
2025-05-18,66581.20434609053,62726.32216071672,680.6244388888902,63406.94659960561,39295.32269802845,-1071.208426719837,2144.9041744048754,40369.01844571349,0.0,3854.8821853738064
2025-05-19,60458.33473009258,56575.82509849108,573.7067908472228,57149.5318893383,35817.86618033819,-567.4995862201697,2858.608005576736,38108.97459969476,325.31579305555533,4207.825424657063
2025-05-20,60081.12863000685,61334.66202427982,705.5817722222216,62040.24379650204,35795.31404342114,1337.9854594564956,3263.681643206247,40396.98114608388,1253.5333942729753,0.0
2025-05-21,56422.014095833336,58815.95328762004,787.0035388888858,59602.956826508926,34221.823668172496,2595.8159982421053,3040.7972294798515,39858.436895894454,3156.5469254801114,762.6077336934113
2025-05-22,59421.81919711934,58905.26711176269,489.1773531944434,59394.44446495713,36093.91879178134,-123.5497144167295,1979.869812042706,37950.238889407316,0.0,516.55208535665
2025-05-23,63570.34636205419,62466.82582361111,0.0,62466.82582361111,37696.26427789373,1251.2843513726286,0.0,38947.548629266355,1521.8155501028752,2625.3360885459506
2025-05-24,58060.20598655693,57912.21862560585,0.0,57912.21862560585,35313.84194253221,17.528550524524903,0.0,35331.37049305674,128.18257407407384,276.16993502514725
2025-05-25,60669.01960044582,57153.633771554014,786.8141972222213,57940.447968776236,36059.12918041958,-650.6054623420725,3071.7002533826358,38480.223971460146,140.3027828194445,3655.688611711246
2025-05-26,58609.760960833344,61859.872295881345,655.9525444444437,62515.82484032579,35486.95815745645,2638.8269785004186,2178.6598649756907,40304.44500093256,3250.1113350480114,0.0
2025-05-27,55451.56172422839,56720.76788990055,899.9094817777759,57620.67737167832,33875.86559077653,2073.590017271199,3625.818690348323,39575.27429839605,3084.579889797673,1815.3737241255158
2025-05-28,63549.789158333326,61954.48569042335,411.175205555554,62365.66089597891,37681.499381388334,-102.89329310801115,1610.100552002772,39188.7066402831,269.99552679166527,1865.298994701641
2025-05-29,62916.784580555555,62153.59551527777,568.710199875,62722.30571515277,37480.36232930361,451.27327446627055,2413.469868202648,40345.10547197253,919.6180655864168,1682.8071308641984
2025-05-30,66646.06882193072,61077.429710150216,0.0,61077.429710150216,40026.055726345294,-1388.5906418468826,0.0,38637.46508449841,50.52572105555794,5619.164832836066
2025-05-31,69797.36170756191,63739.66904305556,92.18666666666661,63831.85570972223,42596.07734491127,-2106.495183004453,197.0950933333332,40686.677255240145,0.0,6057.692664506347
2025-06-01,77486.23261153977,71518.56216707818,6365.708879166665,77884.27104624484,46998.38924965395,-2162.8833111586146,25585.830993647218,70421.33693214256,0.0,5967.67044446159
2025-06-02,78592.40225720164,67536.24606241425,6799.874640583331,74336.12070299759,48260.47510426074,-3580.1058436482203,25995.921968575734,70676.29122918825,9.509875360078581,11065.666070147461
2025-06-03,72622.79730246913,70909.54162755486,5437.956777777771,76347.49840533263,44037.608896413454,489.6637911950975,21675.02876734094,66202.30145494948,1144.7854666666667,2858.041141580932
2025-06-04,83198.84251411179,70177.99915094412,5605.270179166662,75783.26933011078,51386.97735131832,-2274.0432081616746,20462.411940579153,69575.3460837358,3361.0496028988427,16381.892966066533
2025-06-05,72825.79362777778,71951.62847838135,5842.813447222217,77794.44192560356,43704.174580889994,381.5346278315319,23157.842679393034,67243.55188811457,559.8417777777795,1434.0069271742077
2025-06-06,79628.52967139918,75933.87164965535,0.0,75933.87164965535,49333.56750772628,-1163.9251724266492,0.0,48169.64233529963,226.88461111111098,3921.5426328549343
2025-06-07,85003.1275361111,76910.79989861112,76.18833333333339,76986.98823194446,52924.06728450695,-2468.8756613808355,162.89065666666679,50618.08227979278,453.1898166666656,8545.51745416667
2025-06-08,69946.47271879287,66994.43748384775,4641.792744032917,71636.23022788067,42129.12407522593,-21.59600782317247,17866.256428960703,59973.78449636346,1037.2436525548756,3989.278887499998
2025-06-09,78259.56910694444,73003.4747930679,4232.0480884305525,77235.52288149846,48380.861510814306,-1823.0717062173937,16043.006086654757,62600.79589125167,0.0,5256.094313876538
2025-06-10,73820.43095905348,73283.12330016667,4353.748413888887,77636.87171405555,44995.50615745527,404.53964508135795,15496.68902711388,60896.73482965051,816.4521088772265,1353.7597677640547
2025-06-11,79691.15208255556,79021.75630193416,3430.1610955833303,82451.91739751749,49966.142437571594,55.22788701832853,13461.432290393353,63482.80261498327,414.5408088333328,1083.9365894547286
2025-06-12,78673.60630705573,77791.04320641683,1781.8488627914921,79572.89206920832,48805.657965998544,-335.96799723909453,7030.303650650217,55499.993619409666,0.0,882.5631006388892
2025-06-13,79994.95557387001,78827.3489027109,0.0,78827.3489027109,49747.5472241083,-223.86039161110034,0.0,49523.686832497195,277.1826388888896,1444.7893100480076
2025-06-14,81583.36647510288,76563.7979978738,0.0,76563.7979978738,50102.03687424838,-1596.0982294321236,0.0,48505.938644816255,0.0,5019.568477229081
2025-06-15,74060.52272530863,75543.24011347737,1882.1656590138891,77425.40577249126,45586.360339589744,1158.3831624193322,7598.355943110686,54343.09944511976,1625.0611923353952,142.34380416666613
2025-06-16,77128.49310487055,77240.91467563443,1945.7903195301774,79186.7049951646,47576.792072344644,245.62607680169532,7836.428704191707,55658.846853338044,298.5239624305562,186.10239166666656
2025-06-17,79622.7243907236,80281.88597712619,1624.047085347222,81905.93306247341,49375.975300139144,1103.5273450683635,6564.800613714585,57044.3032589221,1258.3155030006913,599.1539165980842
2025-06-18,80450.63267726336,78733.56958281892,835.6322149444445,79569.20179776337,49720.07210540546,9.712828612549401,3333.0239616928093,53062.80889571082,801.678216666667,2518.7413111111105
2025-06-19,76722.21620713305,74128.53282326818,1723.721866666662,75852.25468993484,47099.33845856865,667.0656927835674,7261.3674176603945,55027.77156901261,1960.042650565843,4553.726034430725
2025-06-20,79129.75719166666,76466.80156358916,0.0,76466.80156358916,48892.872138098195,-939.171339571041,0.0,47953.700798527156,0.0,2662.955628077507
2025-06-21,74439.13286454475,74304.21379848919,0.0,74304.21379848919,46099.379105740074,58.91835024149085,0.0,46158.29745598156,118.86148194444436,253.78054800000086
2025-06-22,74614.80203070988,74258.41117620026,1016.6775105694478,75275.08868676971,45246.94207042754,2065.2952633424134,4097.990698055366,51410.22803182532,2279.1544628943752,2635.545317403979
2025-06-23,75223.3038210048,75000.38607796314,742.8221174039811,75743.20819536711,46896.41896422555,-13.717563933995407,3086.794550045368,49969.49595033692,59.15370973610653,282.071452777775
2025-06-24,86969.06232222222,84495.3303273491,841.5308245555545,85336.86115190465,54768.40132967834,-875.1274310445328,3041.963112187385,56935.23701082119,0.0,2473.731994873109
2025-06-25,78263.79604879973,79241.14040925924,722.249606944443,79963.39001620369,47993.56111466876,1597.0013901527013,3412.20879058194,53002.7712954034,1472.5161389231798,495.171778463648
2025-06-26,75033.914878738,75696.44522402264,858.5629499999991,76555.00817402263,46730.068847253744,695.9193078792083,3766.3998082298576,51192.38796336281,850.7774758401912,188.24713055555026
2025-06-27,77699.77345468587,73043.61999336677,0.0,73043.61999336677,48971.28380499304,-1793.7281625274304,0.0,47177.55564246561,0.0,4656.1534613191025
2025-06-28,77015.7595489796,77141.43644369736,0.0,77141.43644369736,48309.75005885805,236.82178533536444,0.0,48546.571844193415,330.70616213888604,205.0292674211213
2025-06-29,73693.02631476338,76366.38439245164,1344.478868055555,77710.86326050719,45173.65292375874,3509.5222886649594,4266.950277077081,52950.12548950077,3239.79154521605,566.4334675277787
2025-06-30,79285.4096809122,78548.05325536043,774.5833888888878,79322.63664424932,49301.80118554518,142.6923085531112,2825.498488695828,52269.99198279411,410.5015624999992,1147.857988051781
2025-07-01,70775.20626421468,71540.47175933968,11859.477706017147,83399.94946535683,43416.4019132296,623.8386644399316,43554.055191603584,87594.29576927311,765.6480854027801,0.382590277777922
2025-07-02,67650.2228138546,66463.08227016461,10207.078937513881,76670.1612076785,42084.84088049569,-438.27086433501523,38649.358390038644,80295.92840619932,0.0,1187.1405436899872
2025-07-03,76273.45844562756,75443.39183029835,9373.442770319443,84816.83460061779,47042.81696736546,-271.2992721938475,35544.0994650911,82315.61716026271,102.52980972222247,932.5964250514423
2025-07-04,69158.63011409465,70588.52315752744,0.0,70588.52315752744,42683.335017373625,2359.5580723746775,0.0,45042.8930897483,2850.3449805727023,1420.4519371399176
2025-07-05,68978.74125474966,68954.82431721536,71.99833333333322,69026.8226505487,42840.77122060036,221.80808440208565,153.93243666666643,43216.51174166912,287.7768305212569,311.6937680555572
2025-07-06,71902.84564290123,75677.56507978393,8924.188782916663,84601.7538627006,45073.152680489075,3206.4559230254417,34082.37524772744,82361.98385124195,3872.680375771602,97.96093888888868
2025-07-07,72531.02130639573,69001.9966857121,8636.188313425928,77638.18499913803,44996.229903977626,-945.9466884549514,31815.584620152214,75865.86783567489,146.78716851389333,3675.811789197542
2025-07-08,76781.82174893467,72193.44556284294,8272.19010880555,80465.63567164849,47633.480596974565,-1292.1486462139771,31744.004369859085,78085.33632061967,54.43688750000041,4642.813073591735
2025-07-09,78082.9642832735,74013.65376505487,6474.245640277773,80487.89940533265,48072.625893421966,-1214.3712061275983,24515.397725847204,71373.65241314156,72.13955972222254,4141.45007794084
2025-07-10,72653.73455240055,71995.26955912208,6363.588477791662,78358.85803691375,45354.84654560216,197.35212426997796,22818.15861075722,68370.35728062935,280.83896249999964,939.3039557784665
2025-07-11,82500.77338700273,80385.15563343621,0.0,80385.15563343621,51568.33366439269,-758.3531463360098,0.0,50809.98051805668,0.0,2115.617753566532
2025-07-12,74326.77625390947,78729.7992236111,0.0,78729.7992236111,46716.17184135709,3749.070923138309,0.0,50465.2427644954,4403.022969701646,0.0
2025-07-13,81053.87048611112,74508.99546819273,2176.889279166664,76685.88474735939,51708.84923792083,-2413.6051076211093,8293.161610566654,57588.40574086638,0.0,6544.875017918381
2025-07-14,76905.95713299038,74063.00151040808,3409.96167594564,77472.96318635372,47590.88595057411,-523.1364228908576,13790.768153624495,60858.51768130775,217.72414118656081,3060.6797637688614
2025-07-15,80852.39769022634,76004.66979434156,2890.6960761249984,78895.36587046656,50196.46993296273,-1314.1467305892827,10566.295496447143,59448.618698820595,0.0,4847.727895884773
2025-07-16,78696.06399314129,76655.6932125,2805.86507083333,79461.55828333333,49918.53831477881,-511.068186226568,9186.39842991596,58593.868558468195,434.7687460047958,2475.1395266460895
2025-07-17,76551.2359717421,77530.55746503771,1991.3583726249974,79521.9158376627,47927.07174141104,1716.368972914739,7851.957520245537,57495.398234571316,1720.7269224622792,741.4054291666698
2025-07-18,87688.2898623611,82102.6875021262,0.0,82102.6875021262,55269.34501048217,-1839.717638839251,0.0,53429.62737164291,192.9777501388901,5778.580110373808
2025-07-19,85966.58794741082,76852.75359293552,31.36500000000001,76884.11859293553,54792.8608084768,-1836.5433899290892,67.05837000000001,53023.37578854771,1907.9113763202918,11021.745730795601
2025-07-20,82803.5431202332,80418.64865272633,728.2386789027773,81146.88733162911,51447.52577254801,-505.0655027574104,2979.780984450035,53922.24125424064,218.58571249999937,2603.4801800068594
2025-07-21,83516.54322750343,81696.65948712276,936.8062027777783,82633.46568990053,52399.5388540314,-38.567639632383816,3412.067324700696,55773.03853909971,804.2326151234543,2624.116355504111
2025-07-22,79877.80577601166,82445.05270845335,1058.4264569787342,83503.47916543209,50326.46454571407,5234.558285636764,3853.2985212821377,59414.32135263297,6983.161381494853,4415.914449053153
2025-07-23,89721.84156742113,81167.67160416837,1067.320252777778,82234.99185694614,56995.01430864399,-2851.481136921043,4002.161705992359,58145.69487771531,0.0,8554.169963252745
2025-07-24,89667.02516402779,83389.04499079217,401.523701388888,83790.56869218106,57015.878978775465,-2114.993217513997,1390.5269311576365,56291.4126924191,0.0,6277.980173235598
2025-07-25,79848.3866682956,80695.32412614884,0.0,80695.32412614884,50427.13909206916,2082.5403434508917,0.0,52509.679435520055,3265.120690226334,2418.183232373108
2025-07-26,85690.43680402313,83673.42832367335,0.0,83673.42832367335,53607.76702978471,-482.13853830652505,0.0,53125.62849147818,180.99766250000016,2198.0061428497943
2025-07-27,82479.66959499332,82528.89132966152,642.4269999999983,83171.31832966152,51662.49551471243,1065.0956079413845,2215.903845505549,54943.494968159364,1079.6479631404306,1030.426228472219
2025-07-28,85263.15805586247,85946.21557602708,1121.7004730277795,87067.91604905487,53537.41106574297,1393.662072608341,4227.604843330716,59158.67798168203,1135.6063416666664,452.54882150205606
2025-07-29,82631.98529399863,86362.80482602882,320.5132711388876,86683.3180971677,51894.378405974465,3462.8281419077334,1328.6133751225243,56685.81992300472,3754.063511196855,23.243979166666918
2025-07-30,76546.42425138887,83611.96742556585,536.7114055555551,84148.6788311214,48284.47288302389,6656.072168127333,1938.5349228326374,56879.07997398386,7065.543174176958,0.0
2025-07-31,80785.36516649519,83032.27447291873,586.1731763888882,83618.4476493076,50572.207601770075,2361.95404158212,2219.8101051472195,55153.97174849941,2246.9093064235253,0.0
2025-08-01,81655.66662954389,74943.35973432785,0.0,74943.35973432785,51758.49473637194,-1755.5332833569514,0.0,50002.96145301499,555.531059825099,7267.837955041148
2025-08-02,89389.41945416667,77318.83795418381,32.52833333333331,77351.36628751714,56619.38742802681,-3824.2718537079068,69.5455766666666,52864.661150985565,0.0,12070.581499982854
2025-08-03,71927.56816580932,70730.97388098421,489.9122152777777,71220.88609626198,45746.68647859705,575.7975305076026,2083.207294928473,48405.69130403312,1191.4488922712637,2388.043177096361
2025-08-04,76612.68390588133,73930.47240022289,699.4706972222227,74629.94309744511,49133.72202658132,-580.5786296678345,2864.9898437444467,51418.13324065794,1204.2826999142674,3886.494205572707
2025-08-05,75128.90171805557,75463.23114437587,216.8146166666662,75680.04576104254,47901.88572331786,697.815104352933,927.5739168999992,49527.274744570794,1595.7864293552834,1261.45700303498
2025-08-06,82691.23121397462,79165.44937643158,236.5468583333328,79401.99623476491,53483.85464321844,-1406.132897729042,991.3054810597204,53069.027226549115,41.419700402777494,3567.201537945809
2025-08-07,83739.63423271605,75119.35335265775,326.7937972222221,75446.14714987998,52292.183487684844,-1613.7500714047228,1016.2651379333325,51694.69855421346,680.0234666666665,9300.304346724957
2025-08-08,73089.16381381944,73010.41310286266,0.0,73010.41310286266,46591.30991281286,-32.72192071974401,0.0,46558.58799209312,0.0,78.75071095678715
2025-08-09,78125.5251159808,75584.4333776749,0.0,75584.4333776749,49320.8962209851,-683.3948410409282,0.0,48637.50137994417,0.0,2541.091738305893
2025-08-10,77654.66050159466,74713.91929711934,283.6843763888896,74997.60367350823,49635.70376217485,-1030.7139994485403,951.77631749653,49556.76608022284,0.0,2940.7412044753096
2025-08-11,75758.96222791495,76393.37471268862,371.22855694444445,76764.60326963307,47453.00892419397,943.1941515151351,1323.8230577840272,49720.026133493135,822.6680266117985,188.25554183813466
2025-08-12,82040.03026709532,79604.4369164952,274.1936388888879,79878.63055538408,51497.246802356094,137.37611984553564,915.3470997027724,52549.970021904395,825.8278472222227,3261.4211978223484
2025-08-13,75087.86306757544,75280.99137162208,610.9392027777728,75891.93057439986,47081.6057091245,368.5398575367909,2473.129232836084,49923.27479949738,395.6252526577528,202.49694861111004
2025-08-14,76892.6923475823,78084.00691580932,136.01194305555524,78220.01885886487,49026.95707207648,1245.560905606521,511.9247717583319,50784.44274944134,2205.8381704389612,1014.5236022119382
2025-08-15,86388.75556634087,75716.0555093793,0.0,75716.0555093793,54846.725088393214,-3482.5345053658903,0.0,51364.190583027324,0.0,10672.700056961594
2025-08-16,84234.34615317216,73202.82486277435,0.0,73202.82486277435,54073.45066844517,-3648.5915217169127,0.0,50424.85914672826,0.0,11031.521290397803
2025-08-17,79933.71047662947,74961.77124146261,322.45880972222136,75284.23005118483,49925.063173205825,-1042.8664854783146,1662.5056684152735,50544.702356142785,262.38980013888886,5234.329035305722
2025-08-18,76811.73927704047,75103.43820533264,353.37712499999924,75456.81533033264,48951.05764753921,-635.6652277734405,1604.1606517347204,49919.553071500486,0.0,1708.3010717078157
2025-08-19,76240.40384298697,75067.13920531001,447.55244861111083,75514.69165392112,48342.39736386567,-44.3745454579074,2219.979044777777,50518.00186318554,486.1112823333326,1659.3759200102947
2025-08-20,84356.84013670438,79760.86043340192,436.33726323730986,80197.19769663922,52791.75523188664,-1008.8961864195339,1774.037997639568,53556.89704310667,308.0422713888901,4904.021974691363
2025-08-21,80755.94325474967,76249.80096281087,358.836913847223,76608.63787665809,50546.91152725481,-990.9879429041748,1316.0066965820638,50871.9302809327,252.1696329583359,4758.311924897118
2025-08-22,79863.46786469477,73560.23591508917,0.0,73560.23591508917,50852.42334356604,-1745.416883627031,0.0,49107.00645993901,252.26740540123942,6555.499355006857
2025-08-23,77365.0216302469,76072.07745617285,0.0,76072.07745617285,48716.86459902268,767.9534361894704,0.0,49484.81803521215,1702.390003840876,2995.334177914945
2025-08-24,75853.48107913237,73571.68979140947,304.5622083333335,73876.2519997428,48654.05626600185,975.2503472067924,1190.2480090409713,50819.55462224961,2205.098905469823,4486.8901931927285
2025-08-25,96593.6424919067,80997.01637986969,268.3443847222221,81265.36076459191,61674.944043343356,-5270.682038426212,913.6800232145839,57317.94202813173,0.0,15596.626112037029
2025-08-26,76795.51617429696,75550.57183962621,180.28445416666654,75730.85629379288,49411.789395546635,-466.90150766046696,607.2772033840288,49552.165091270195,22.408340877916714,1267.3526755486982
2025-08-27,77686.73207078189,79798.88979495884,131.60052222222134,79930.49031718106,49737.379655208824,3341.8707535081594,512.274056209719,53591.5244649267,4219.176418004123,2107.0186938271654
2025-08-28,76939.87386064815,80023.39269302125,733.3093027777771,80756.70199579903,48200.70474060334,3748.73632712281,3020.3802335388855,54969.82130126503,3301.6746962620055,218.1558638888888
2025-08-29,87054.46019086076,78058.64145677298,0.0,78058.64145677298,55431.336063619776,-2554.033316072372,0.0,52877.3027475474,426.3587027777777,9422.177436865566
2025-08-30,82762.11102230794,74607.78096702675,0.0,74607.78096702675,52886.63803422305,-2454.9030674851665,0.0,50431.73496673788,0.0,8154.330055281211
2025-08-31,76092.84806819275,76030.82308972908,595.2508944444431,76626.07398417352,48666.94327952436,38.921533352907765,2393.0033246888825,51098.868137566154,132.8493296467709,194.87430811042486
2025-09-01,84335.024595625,76883.38008316187,0.0,76883.38008316187,52844.5992300461,-1530.5409374676042,0.0,51314.0582925785,878.2509898834016,8329.89550234653
2025-09-02,75709.34444538751,76078.14880263392,0.0,76078.14880263392,47691.875579769374,1684.8065681954945,0.0,49376.68214796487,2130.720348432955,1761.9159911865572
2025-09-03,80625.74434872308,77572.61262691821,0.0,77572.61262691821,50840.20362940365,-539.6496736274385,0.0,50300.55395577621,274.3751156527777,3327.506837457642
2025-09-04,78140.96295461248,75239.96496240827,58.55171666666672,75298.51667907494,50039.48852081242,-715.618303921954,141.06327167500012,49464.93348856546,128.91442173611227,3029.912413940334
2025-09-05,73680.48290444101,72754.45994569614,0.0,72754.45994569614,47332.65199841131,-432.6728890912966,0.0,46899.97910932001,0.0,926.0229587448566
2025-09-06,74332.77968590535,74267.66870027434,0.0,74267.66870027434,47434.42304267989,335.50330465487934,0.0,47769.92634733477,535.2795972222235,600.3905828532247
2025-09-07,74237.16175231482,76101.34986148833,45.061883333333355,76146.41174482166,47207.44611897427,2390.163561081773,253.5412121354168,49851.150892191465,3454.1039816700977,1589.915872496575
2025-09-08,81308.6868987265,80747.16332620027,0.0,80747.16332620027,51348.45290839177,962.8527226234189,0.0,52311.305631015195,1525.3026999314138,2086.826272457646
2025-09-09,71636.49417801783,73325.11573720851,8.245879166666668,73333.36161637519,45846.89974029634,3090.919842917822,19.728265906250005,48957.54784912041,3364.1649645576135,1675.5434053669403
2025-09-10,82881.59893747221,80835.0443983803,28.048130555555304,80863.09252893586,52428.059423062514,424.4416301133465,86.14628116249911,52938.64733433836,1466.5825021697456,3513.137041261655
2025-09-11,82486.36404814816,73880.18362635458,96.99231527777769,73977.17594163236,52464.64214897997,-2501.667119376583,523.4905669027773,50486.46559650617,0.0,8606.180421793559
2025-09-12,73391.45147719479,74505.43230202333,0.0,74505.43230202333,47171.384596573276,1391.0289073829686,0.0,48562.413503956246,1765.86680622428,651.8859813957478
2025-09-13,72351.46295644718,73381.04775063443,0.0,73381.04775063443,46568.095072788055,955.1724689835105,0.0,47523.267541771565,1340.7337643004118,311.14897011317
2025-09-14,85261.03066243141,80023.3106659122,0.0,80023.3106659122,54499.34031704992,-1720.6684177673362,0.0,52778.671899282584,94.3465138888887,5332.066510408091
2025-09-15,70637.34329096365,70801.56913441357,519.9826680555556,71321.55180246913,45502.83133772795,182.80968603730344,1917.1707445361099,47602.81176830136,164.22584344992725,0.0
2025-09-16,84002.85212381893,79125.17842006807,0.0,79125.17842006807,53073.57251061219,-1543.512000245008,0.0,51530.060510367184,41.355230236110856,4919.028933986969
2025-09-17,80311.4714331447,78038.36507289094,125.84106527777791,78164.20613816872,51549.19198569027,-854.2661963758012,535.1535883611112,51230.07937767558,0.0,2273.106360253769
2025-09-18,72597.76629127229,78137.23432686969,12.510262499999953,78149.74458936969,46503.98509832763,4893.923468552922,34.41393054166686,51432.32249742222,6191.461367147463,651.9933315500672
2025-09-19,78376.68450665295,78289.90389223251,0.0,78289.90389223251,49665.00445386998,42.27654554446058,0.0,49707.28099941444,73.84470641289516,160.62532083333372
2025-09-20,75472.54578712277,77257.81372974964,0.0,77257.81372974964,48450.45566652665,1686.9151781462674,0.0,50137.370844672914,2451.1162730109745,665.8483303840862
2025-09-21,77102.33142275376,75206.64644821674,11.050412499999766,75217.69686071674,48679.426059563455,-549.044122938744,30.841690795832463,48161.22362742054,0.0,1895.6849745370337
2025-09-22,78383.74817091908,72064.20328779149,338.7402000000002,72402.94348779149,49411.5790867098,-2006.3939953768452,986.7424496826386,48391.92754101559,0.0,6319.544883127571
2025-09-23,76505.7901442044,74604.79929864523,38.00723333333326,74642.80653197857,48136.73177932639,-586.432168226748,148.68788089166662,47698.987491991305,0.0,1900.9908455591642
2025-09-24,66950.10459526749,69771.89735864832,681.5967736111114,70453.49413225942,42552.895062827374,2103.985962550865,1862.7983353694458,46519.67936074769,2821.792763380834,0.0
2025-09-25,72494.36281073389,72737.55062889232,216.420583333333,72953.97121222566,45380.4947641177,580.7756381122691,821.0164934173597,46782.286895647325,836.0621556584374,592.8743375000022
2025-09-26,79992.03216769546,75056.23929000343,0.0,75056.23929000343,50463.60180388823,-1708.2241511326088,0.0,48755.377652755626,0.0,4935.792877692044
2025-09-27,67359.72090445817,71312.90381325447,0.0,71312.90381325447,42445.31909014503,4024.7279442965687,0.0,46470.047034441595,4918.291885819608,965.1089770233218
2025-09-28,70849.31501630659,73106.7400984225,263.37598749999916,73370.11608592249,44361.35680588665,3375.215220790562,1027.9570347111087,48764.52906138832,4773.113512860086,2515.6884307441705
2025-09-29,73545.08615085733,68229.33540378945,1291.0940694444428,69520.42947323389,46350.80499983182,-1703.9449713860158,4823.6400974256885,49470.50012587149,36.06882650892692,5351.819573576817
2025-09-30,72526.80575121741,72685.12403130624,853.8696069444438,73538.99363825069,46039.0195607882,423.00273418833285,3622.8506450305554,50084.87294000709,573.4622636107661,415.1439835219468
2025-10-01,69333.81889266118,65440.269946107685,36.41856249999978,65476.68850860769,43246.32286813406,-1009.4925508815656,87.67329504166582,42324.50361229416,29.69202777777764,3923.2409743312774
2025-10-02,75436.04630611677,66090.83018765433,139.3033972222214,66230.13358487654,47407.74618263784,-3065.9499506519523,385.5359877256917,44727.332219711585,0.0,9345.216118462446
2025-10-03,67162.65056150548,63617.724969073046,0.0,63617.724969073046,41728.568026183064,-774.9073016681747,0.0,40953.66072451489,132.90644150102804,3677.832033933466
2025-10-04,79110.09673991665,68017.20983225308,0.0,68017.20983225308,49643.035276126495,-3512.240958725085,0.0,46130.79431740141,0.0,11092.886907663578
2025-10-05,74070.59542767491,65877.5184538246,249.94742222222195,66127.46587604682,46062.18969115536,-2336.1410386840907,711.190629588194,44437.23928205947,64.59119451388767,8257.668168364204
2025-10-06,63069.95049058642,65343.43910148029,902.5477305555553,66245.98683203585,39918.03773479606,1638.8534317016545,2932.0627925354165,44488.953959033126,2448.4007318472227,174.91212095336152
2025-10-07,67633.5269654664,68406.6551530007,166.51738194444374,68573.17253494514,41993.04513397462,990.6459092176351,535.432665434025,43519.123708626284,837.0910889231858,63.96290138888929
2025-10-08,67154.83695420096,66295.67277124485,351.5332152777769,66647.20598652262,41828.77889831763,-169.56574670044517,1239.9940721256908,42899.20722374288,60.11984583333344,919.284028789438
2025-10-09,76117.23789134086,65229.45936414609,246.47877499999987,65475.93813914609,47676.23946042845,-3304.838989827401,916.826304481945,45288.22677508299,0.0,10887.778527194783
2025-10-10,73809.93848259603,66637.29722978396,0.0,66637.29722978396,46387.490085113,-2234.6547573057815,0.0,44152.83532780722,0.0,7172.6412528120745
2025-10-11,74400.18480814471,70390.72092584019,0.0,70390.72092584019,46527.008698047735,-857.2447362966761,0.0,45669.76396175106,325.1712458333327,4334.635128137864
2025-10-12,69083.76096724966,67603.90742211934,549.6259843333348,68153.53340645268,42793.339587622555,20.549687136629018,2197.8664820438817,45011.75575680306,334.946836111112,1814.8003812414245
2025-10-13,70803.84119082647,65211.68326363305,966.1085861111098,66177.79184974416,43973.48263323269,-1339.3227259822945,3527.8935504347173,46162.05345768511,305.4695648333329,5897.627492026751
2025-10-14,73762.55088054595,67789.59086447189,1248.4805347222239,69038.07139919412,46148.61955240683,-614.4881474225992,4336.014362681951,49870.14576766618,1756.024747420429,7728.984763494512
2025-10-15,76588.72753804954,70414.69342539436,553.718698611112,70968.41212400548,48116.43955270068,-1796.4570174638634,1483.7973650256956,47803.77990026251,412.4089304869705,6586.443043142151
2025-10-16,73181.46922772634,72489.9970989945,321.230352777776,72811.22745177227,46038.21702224954,-55.83707152547915,1073.8680996770768,47056.24805040114,212.08296605555677,903.5550947873825
2025-10-17,63292.01657083333,69248.62355615568,0.0,69248.62355615568,39484.02636615028,5681.817126359752,0.0,45165.84349251004,5956.606985322353,0.0
2025-10-18,75660.29641841736,71599.64606731995,0.0,71599.64606731995,47286.23514597579,-1224.1415697058073,0.0,46062.09357626998,238.72409999999934,4299.374451097396
2025-10-19,73715.17400138888,71471.26699351851,645.1966138888865,72116.4636074074,46403.54766196819,-675.954001603148,2460.727050450684,48188.32071081572,0.0,2243.907007870367
2025-10-20,76222.51400972222,73701.88505375513,307.75845972222135,74009.64351347735,48136.57629910125,-896.2039604047122,1084.9117342458298,48325.28407294237,0.0,2520.6289559670713
2025-10-21,75193.08283612448,74848.20002504767,507.22119027777694,75355.42121532545,47064.200918483475,15.041080190915977,1788.4747538708302,48867.716752545224,493.81388515089463,838.6966962277116
2025-10-22,73046.99209653636,73827.96709236968,345.162511728394,74173.12960409808,45963.105490810456,788.9756155643556,1026.6985208634228,47778.77962723823,1087.3208051954725,306.3458093621408
2025-10-23,82991.56399933127,70951.68245785323,519.1648250000001,71470.84728285322,51915.21499673308,-3367.7068256065986,1493.163580713889,50040.67175184037,523.5094387345596,12563.390980212616
2025-10-24,71991.10419161522,71912.54297758915,0.0,71912.54297758915,44828.89511064619,1232.2707579006178,0.0,46061.16586854681,1677.119152794924,1755.680366820992
2025-10-25,77336.51361440329,73044.6793207476,0.0,73044.6793207476,48003.456422729614,-1223.6680273441289,0.0,46779.78839538548,154.49640833333342,4446.3307019890235
2025-10-26,76131.82820037723,70732.14975445817,717.5114319444444,71449.6611864026,47277.601232547306,-1422.7341093057894,2174.294641514583,48029.1617647561,463.41914586762385,5863.0975917866945
2025-10-27,69051.43435092592,72160.9338480967,311.3644916666669,72472.29833976337,42941.316404782105,4012.9131816181207,1170.3799995194454,48124.609585919665,4876.24496073388,1766.7454635630943
2025-10-28,69287.64144958847,72941.56410732167,308.4561319444442,73250.02023926612,43223.02378502312,3761.5010470205975,882.0509765291654,47866.57580857288,3982.644750394381,328.7220926611811
2025-10-29,77738.65025130982,77453.5750081857,279.1830374999992,77732.7580456857,48233.50561016697,9.78160347796333,954.5620297298578,49197.84924337479,113.35930138889114,398.43454451302705
2025-10-30,69242.55157829217,71248.58058484859,722.9638204027774,71971.54440525136,43003.37930037728,2254.573578162315,2744.16149122904,48002.114369768635,2044.4922372319932,38.46323067557961
2025-10-31,78131.01530171347,76398.85915277657,0.0,76398.85915277657,48687.96175734211,-632.5655825680018,0.0,48055.39617477411,0.0,1732.1561489368978
2025-11-01,74177.26215125172,74624.5645028978,0.0,74624.5645028978,45943.702878743476,446.39916623818067,0.0,46390.10204498166,704.4289752571951,257.1266236111111
2025-11-02,74772.90255811042,75981.7291194537,539.8454458333325,76521.57456528702,46614.67406488489,2616.68795088275,1997.2161839159705,51228.57819968361,3729.4337381951273,2520.607176851853
2025-11-03,79409.0039138889,76750.2534461905,437.5294874999974,77187.7829336905,49242.07844751903,-770.5453395287768,1343.225678138186,49814.75878612844,152.3365906550066,2811.087058353397
2025-11-04,74508.66196774691,75343.7504334705,523.0962555555543,75866.84668902606,46295.46876205645,1220.8996662650738,1990.8575315152732,49507.2259598368,1399.815034019205,564.7265682956106
2025-11-05,82430.25616145405,76680.64252942214,539.9352597222214,77220.57778914436,51460.27197451208,-1938.1703288864808,2162.115634363193,51684.21727998879,15.326852777777617,5764.940484809674
2025-11-06,77865.13749444444,78449.41938223371,679.9711249999983,79129.39050723371,48371.34882882514,988.418903609917,2712.1440341180487,52071.91176655311,952.207343430558,367.9254556412917
2025-11-07,75628.45550294925,77310.23833132407,0.0,77310.23833132407,47245.44587450289,2715.037516649622,0.0,49960.48339115251,3578.359720967417,1896.5768925925915
2025-11-08,79587.5172702361,76779.75788468056,0.0,76779.75788468056,49814.553038495505,-958.688414969143,0.0,48855.864623526366,120.89209722222103,2928.6514827777746
2025-11-09,78817.82745963614,78740.44119991391,358.011809722222,79098.45300963613,49204.549070470486,137.53983763853824,1356.234009887499,50698.32291799652,182.97698472221975,260.36324444444455
2025-11-10,79447.65423923114,81246.13721860477,658.4233624999983,81904.56058110477,49734.09594245597,1977.9645571348942,2493.9411692701337,54206.001668861,2556.0483998611116,757.5654204874842
2025-11-11,81996.98406544924,79234.86393380811,339.43182222222083,79574.29575603033,51657.995470949165,-975.0554094908894,1110.9015188013846,51793.841580259665,0.0,2762.1201316411225
2025-11-12,78939.75667395833,79132.35910658503,303.8843242916683,79436.2434308767,49323.257374651046,2138.843932492774,1315.8582468523418,52777.95955399616,2757.385926265259,2564.783493638542
2025-11-13,76767.65612477709,78582.49261111111,1028.8447138888823,79611.337325,48035.78912984302,1959.0769414485274,3892.3201875708055,53887.18625886235,1894.8076863340204,79.97120000000177
2025-11-14,78846.22693115276,79089.64729639626,0.0,79089.64729639626,49013.77255130075,880.2322828935357,0.0,49894.00483419429,1080.9314315672136,837.5110663237272
2025-11-15,85164.3927060871,80482.6112601322,0.0,80482.6112601322,53784.642006499984,-1661.150320782366,0.0,52123.49168571762,0.0,4681.78144595491
2025-11-16,79439.7849614369,81017.80801235752,581.2286544166634,81599.03666677418,49633.52354669655,1971.188278012195,2418.1412792536976,54022.85310396245,1706.7254733143013,128.70242239369185
2025-11-17,75898.92419055212,80540.10139033847,467.1136208333331,81007.21501117181,47536.24246437732,5014.492109456429,1509.4543124111099,54060.188886244854,5371.868578918726,730.691379132375
2025-11-18,80149.04115156636,80018.71113465964,1193.6492249722219,81212.36035963186,50159.62052562689,381.9349297519527,4412.506599444456,54954.0620548233,709.1784115226349,839.5084284293549
2025-11-19,79928.51328217336,83040.38254722943,506.5306944444428,83546.91324167387,50032.02470879775,3786.9073547155454,1769.6599542027727,55588.592017716066,3896.8352317227377,784.9659666666662
2025-11-20,80031.24944491273,80824.76065621244,709.1502111111107,81533.91086732355,50013.18141431379,911.0911384930964,2967.38035314861,53891.652905955496,811.0574599108309,17.54624861111097
2025-11-21,80448.15238102777,81854.34539115397,0.0,81854.34539115397,50378.450449335425,1685.1467238160922,0.0,52063.59717315152,2100.992026792864,694.7990166666664
2025-11-22,87740.1436736111,83196.03147806929,0.0,83196.03147806929,55682.31085197041,-1626.037770792036,0.0,54056.27308117838,0.0,4544.1121955418375
2025-11-23,80628.21129075738,81493.90592382938,621.0582377222221,82114.9641615516,50651.63811172536,1500.0537526075675,2323.115173402834,54474.80703773576,1562.0008779279797,696.306244855965
2025-11-24,79611.34529917352,79735.22965500344,1060.9623203194417,80796.19197532287,50040.17251789865,148.50038197449655,3646.5336743825146,53835.206574255666,163.66943916323805,39.785083333333205
2025-11-25,91147.90188758573,83898.2681355967,399.62719166666636,84297.89532726337,58146.51881251792,-2570.6283083365975,1415.4133372645833,56991.3038414459,0.0,7249.633751989021
2025-11-26,86644.8476375,84913.94924111076,422.9988777777765,85336.94811888854,54636.76038224959,-462.8105127121275,1664.4296488930509,55838.379518430505,131.98086413888677,1862.8792605281224
2025-11-27,84173.56617059329,83862.84170221194,402.7304404027773,84265.57214261472,53015.671014311374,-92.42215354656219,1638.308108496325,54561.55696926114,18.941619444444882,329.66608782578766
2025-11-28,84410.42818540809,83724.37303391632,0.0,83724.37303391632,53325.23095823915,-103.79504911477767,0.0,53221.435909124375,341.4970577503477,1027.5522092421136
2025-11-29,94500.01237755487,88275.5337760974,0.0,88275.5337760974,60293.486779929975,-2100.2974477494927,0.0,58193.18933218048,134.51520500686013,6358.993806464331
2025-11-30,86612.02980336078,86786.57706507201,645.5867888888876,87432.1638539609,54528.09150747632,759.8571840123196,2870.6256607840223,58158.574352272655,844.0395242112526,669.4922624999992
2025-12-01,89607.5838340878,85267.47228931755,6431.534521638883,91699.00681095643,57350.70475203924,-1620.5728126564236,23222.2606469152,78952.39258629802,7.391274652777838,4347.502819423013
2025-12-02,93094.71983923184,88769.56968905556,5252.221343055551,94021.79103211111,59384.30963128018,-1466.5032815097952,19194.357256324292,77112.16360609468,0.0,4325.15015017627
2025-12-03,83444.2152079904,87157.85430127093,5459.6279805555505,92617.48228182648,52788.22402082119,3605.1445221946624,19165.93547174095,75559.30401475681,3727.822698836079,14.183605555555687
2025-12-04,91026.59665694443,87314.68032861795,5037.9961384027765,92352.67646702072,58375.230066314994,-1413.2893938554453,17855.031649828572,74816.97232228811,0.0,3711.916328326477
2025-12-05,90062.38181616942,89043.21742708332,0.0,89043.21742708332,57623.42519119494,-350.38866903433865,0.0,57273.036522160604,24.37763780555747,1043.5420268916341
2025-12-06,92908.07050096022,91508.18120999656,0.0,91508.18120999656,59633.548840807875,-542.7572813536461,0.0,59090.79155945423,0.0,1399.8892909636506
2025-12-07,94357.24878888889,88919.11384909123,4202.42009048611,93121.53393957733,60504.85948057625,-1712.5230625667111,13348.790425819185,72141.12684382872,146.80702777777776,5584.941967575443
2025-12-08,93801.59005937929,91639.7985471022,2932.36941946159,94572.1679665638,60064.102446411634,-730.1258995197085,9444.117533500115,68778.09408039204,0.35013194444445617,2162.1416442215395
2025-12-09,93239.44545294924,90849.07216663238,2648.270354180553,93497.34252081293,59705.38459184168,-665.4992568183407,9219.98649823634,68259.87183325968,78.32932083333446,2468.7026071502014
2025-12-10,89821.63359463305,90142.5782385139,4147.2919923353875,94289.8702308493,57398.93813734057,443.25918671950507,14851.213485415035,72693.41080947511,974.9354180555559,653.9907741747222
2025-12-11,94179.14626808985,91133.83110138887,1470.5853378749957,92604.41643926386,60148.7549831957,-1115.0917380086128,5202.242800111571,64235.90604529866,0.0,3045.3151667009597
2025-12-12,94016.03412499999,94672.63638123611,0.0,94672.63638123611,60019.313824452496,717.7015989316865,0.0,60737.01542338418,877.1207409583369,220.51848472222207
2025-12-13,95192.10355390946,94985.82954768518,2.8349999999999227,94988.66454768518,61188.054884982615,814.6751534286263,6.061229999999834,62008.79126841124,1113.7395553155047,1320.0135615397835
2025-12-14,90497.30215188614,92263.25330116597,2437.4886722222195,94700.74197338818,57588.68252979921,1583.0606822863551,9989.997236203464,69161.74044828903,1765.9511492798401,0.0
2025-12-15,90039.29979722222,93002.9585875,2239.4078138888863,95242.36640138889,57266.896564756666,2764.0348062739563,8679.86802370207,68710.79939473269,2963.6587902777765,0.0
2025-12-16,95801.65808749999,94538.34283014404,1089.679630555554,95628.02246069959,61680.4173546036,-479.9770543025885,3476.1015069833275,64676.541807284346,0.0,1263.3152573559632
2025-12-17,97220.33072599451,93682.3486837277,1047.043862499999,94729.3925462277,62370.70938092607,-1228.9644855841511,3460.9321762249956,64602.67707156691,0.0,3537.9820422668035
2025-12-18,92887.70981805556,93012.53848604253,1092.5038141460886,94105.04230018861,59583.442729849856,273.5867568508812,3571.197347682321,63428.22683438306,293.59057499999926,168.7619070130276
2025-12-19,92894.42441129973,94227.23640913924,0.0,94227.23640913924,59520.66351741474,1341.1725315659019,0.0,60861.83604898064,1629.9463694444441,297.13437160493845
2025-12-20,95913.06557083334,94813.0223733882,0.0,94813.0223733882,61865.44253032931,-448.2749409428509,0.0,61417.16758938646,0.0,1100.0431974451312
2025-12-21,95600.47547179356,94807.18022014078,1317.4154486111092,96124.59566875189,61165.50887588954,-27.063540310904955,4277.003733090965,65415.44906866961,351.69502612500025,1144.9902777777784
2025-12-22,93405.41832575446,94052.38702072669,1302.6099042083329,95354.99692493503,59986.02169557674,589.7547147008323,4194.836724734725,64770.613135012296,667.8534852499974,20.884790277778166
2025-12-23,95960.65628858024,93849.0781907608,814.113735930555,94663.19192669136,61491.67509099441,-665.6833599257551,2811.657401817097,63637.64913288575,36.474141666666696,2148.0522394861164
2025-12-24,95475.75494669066,95027.20203950617,541.8792749999973,95569.08131450617,61504.815344003975,-172.53232567827476,1686.5305347194344,63018.81355304514,1.4672541666666348,450.02016135116276
2025-12-25,92182.98701498628,93749.26948288751,1309.5716402777775,95058.84112316529,58721.57103572788,1565.702641379092,4489.8250742444425,64777.09875135142,1608.49434429012,42.21187638888853
2025-12-26,94330.62044456447,94767.00727926954,0.0,94767.00727926954,60332.771462718476,751.0834953699878,0.0,61083.854958088465,616.0728152777765,179.68598057269912
2025-12-27,96591.47707222222,96248.76968321827,0.0,96248.76968321827,61936.612187480554,263.18010003570805,0.0,62199.79228751626,360.7602430555566,703.4676320595031
2025-12-28,95484.59444967422,94299.21323275035,452.70800873610983,94751.92124148646,61166.47124646427,-457.5580216468143,1667.9456956097665,62376.85892042722,0.0,1185.3812169238668
2025-12-29,94390.03338307614,95306.7620711346,467.40148888888774,95774.16356002349,60042.588164235254,986.1291224674248,1746.8962449979108,62775.61353170059,1039.6139200029065,122.88523194444451
2025-12-30,95561.99241013374,93190.34062970833,690.2823499999976,93880.62297970832,61074.841536810185,-616.8691353199318,2668.1298405131847,63126.102242003435,210.2916957499998,2581.943476175412
2025-12-31,97649.24427940673,96523.6052946845,526.2716586944432,97049.87695337895,62406.96056641044,-264.56566709986106,1763.3922950027595,63905.78719431334,0.0,1125.6389847222222
